seed,background_user_count,pdb_user_count,pdb_ms,pdb_packet_kb,baseline_edge_pdb_satisfaction_rate,proposed_edge_pdb_satisfaction_rate,delta_pdb_satisfaction_rate,center_throughput_retention,delta_prb_utilization,delta_center_prb_share,delta_edge_prb_share
7,24,4,100,50,0.0,0.0,0.0,0.594587003588,0.0,-0.010899269106399198,0.010899269106399267
7,24,4,100,150,0.0,0.0,0.0,0.124276789349,0.0,-0.13492396043426053,0.13492396043426047
7,24,4,100,300,0.0,0.0,0.0,0.124276789349,0.0,-0.13492396043426053,0.13492396043426047
7,24,4,300,50,0.6439393939393939,0.6515151515151515,0.007575757576,1.000648658487,0.0,-0.001905055048549209,0.001905055048549209
7,24,4,300,150,0.0,0.0,0.0,0.212020030633,0.0,-0.13780899661786816,0.13780899661786816
7,24,4,300,300,0.0,0.0,0.0,0.923761256679,0.0,-0.0026414474248953324,0.00264144742489536
7,24,4,500,50,1.0,1.0,0.0,1.0,0.0,0.0,0.0
7,24,4,500,150,0.0125,0.0125,0.0,0.945113409788,0.0,-0.009837368264860896,0.009837368264860924
7,24,4,500,300,0.0,0.0,0.0,0.940063743747,0.0,-0.0024942915794972653,0.00249429157949721
7,24,10,100,50,0.0,0.0,0.0,0.947188900136,0.0,-0.0008160403231421975,0.0008160403231421975
7,24,10,100,150,0.0,0.0,0.0,0.945640807441,0.0,-0.0007048731533728265,0.0007048731533728647
7,24,10,100,300,0.0,0.0,0.0,0.945640807441,0.0,-0.0007048731533728265,0.0007048731533728647
7,24,10,300,50,0.0,0.0,0.0,0.399231553134,0.0,-0.03456861723084001,0.03456861723084004
7,24,10,300,150,0.0,0.0,0.0,0.951322287273,0.0,-0.0012217026264465247,0.001221702626446608
7,24,10,300,300,0.0,0.0,0.0,0.957280617799,0.0,-0.0007543111359081464,0.0007543111359081811
7,24,10,500,50,0.04,0.04,0.0,0.431379124964,0.0,-0.06102768891989549,0.06102768891989552
7,24,10,500,150,0.0,0.0,0.0,0.933092230653,0.0,-0.002170802491916965,0.0021708024919169233
7,24,10,500,300,0.0,0.0,0.0,0.932373354901,0.0,-0.00199117946731045,0.001991179467310422
7,24,16,100,50,0.0,0.0,0.0,0.813703730327,0.0,-0.0028632478632478614,0.0028632478632478753
7,24,16,100,150,0.0,0.0,0.0,0.183586068422,0.0,-0.014642857142857141,0.01464285714285718
7,24,16,100,300,0.0,0.0,0.0,0.152483121322,0.0,-0.015142857142857142,0.015142857142857125
7,24,16,300,50,0.0018796992481203006,0.0018796992481203006,0.0,0.943060408999,0.0,-0.0013260073260073224,0.0013260073260072947
7,24,16,300,150,0.0,0.0,0.0,0.88973300825,0.0,-0.0023070818070818067,0.0023070818070817234
7,24,16,300,300,0.0,0.0,0.0,0.473960108641,0.0,-0.014273504273504274,0.014273504273504267
7,24,16,500,50,0.0125,0.009375,-0.003125,0.889241877847,0.0,-0.004119068608638823,0.004119068608638865
7,24,16,500,150,0.0,0.0,0.0,0.932421014164,0.0,-0.0027121237571987172,0.002712123757198648
7,24,16,500,300,0.0,0.0,0.0,0.847842839973,0.0,-0.0062402142234461375,0.006240214223446117
8,24,4,100,50,0.0025,0.0025,0.0,0.117122230352,0.0,-0.1689096459096459,0.16890964590964597
8,24,4,100,150,0.0,0.0,0.0,0.132815927618,0.0,-0.13207264957264958,0.13207264957264964
8,24,4,100,300,0.0,0.0,0.0,0.87512089345,0.0,-0.002910256410256412,0.00291025641025644
8,24,4,300,50,0.25925925925925924,0.28888888888888886,0.02962962963,0.989685583153,0.0,-0.004347985347985306,0.004347985347985417
8,24,4,300,150,0.007407407407407408,0.007407407407407408,0.0,0.916499952077,0.0,-0.002388888888888885,0.002388888888888885
8,24,4,300,300,0.0,0.0,0.0,0.897638847665,0.0,-0.003396825396825391,0.003396825396825398
8,24,4,500,50,0.575,0.625,0.05,1.000119172958,0.0,-6.658773881484947e-05,6.658773881479396e-05
8,24,4,500,150,0.0,0.0,0.0,0.207732444249,0.0,-0.20655174203317084,0.20655174203317084
8,24,4,500,300,0.0,0.0,0.0,0.929926050042,0.0,-0.003913583676509638,0.003913583676509735
8,24,10,100,50,0.001,0.001,0.0,0.928416190744,0.0,-0.0012484737484737482,0.0012484737484736996
8,24,10,100,150,0.0,0.0,0.0,0.26681076015,0.0,-0.04945604395604396,0.04945604395604397
8,24,10,100,300,0.0,0.0,0.0,0.265555884283,0.0,-0.04914224664224664,0.049142246642246645
8,24,10,300,50,0.0029940119760479044,0.0029940119760479044,0.0,0.928556661237,0.0,-0.001964590964590965,0.0019645909645910065
8,24,10,300,150,0.0029940119760479044,0.0029940119760479044,0.0,0.832629692738,0.0,-0.005478632478632478,0.005478632478632561
8,24,10,300,300,0.0,0.0,0.0,0.936569411675,0.0,-0.0014945054945054992,0.0014945054945054714
8,24,10,500,50,0.01,0.01,0.0,0.923474180926,0.0,-0.003705388351441033,0.0037053883514409636
8,24,10,500,150,0.0,0.0,0.0,0.847355486369,0.0,-0.009721683756796114,0.009721683756796162
8,24,10,500,300,0.0,0.0,0.0,0.273976460816,0.0,-0.10330700873382442,0.10330700873382437
8,24,16,100,50,0.0,0.0,0.0,0.224089923858,0.0,-0.015637973137973136,0.015637973137973105
8,24,16,100,150,0.0,0.0,0.0,0.215536138139,0.0,-0.015644688644688643,0.01564468864468871
8,24,16,100,300,0.0,0.0,0.0,0.213643563701,0.0,-0.015661782661782662,0.01566178266178264
8,24,16,300,50,0.001869158878504673,0.001869158878504673,0.0,0.976256906386,0.0,-2.5641025641023885e-05,2.5641025641065518e-05
8,24,16,300,150,0.0,0.0,0.0,0.923372961762,0.0,-0.00173809523809524,0.0017380952380953163
8,24,16,300,300,0.0,0.0,0.0,0.917262625516,0.0,-0.0017411477411477423,0.0017411477411477527
8,24,16,500,50,0.00625,0.00625,0.0,0.962163290931,0.0,-0.001930402930402926,0.001930402930402919
8,24,16,500,150,0.0,0.0,0.0,0.957759783613,0.0,-0.0017899877899877903,0.0017899877899877348
8,24,16,500,300,0.0,0.0,0.0,0.937965796527,0.0,-0.002609279609279612,0.002609279609279591
9,24,4,100,50,0.0025,0.0025,0.0,0.640736207456,0.0,-0.009031135531135534,0.009031135531135548
9,24,4,100,150,0.0,0.0,0.0,0.793118812339,0.0,-0.0048217338217338215,0.004821733821733787
9,24,4,100,300,0.0,0.0,0.0,0.887993933159,0.0,-0.0021623931623931635,0.0021623931623930837
9,24,4,300,50,0.022388059701492536,0.17164179104477612,0.149253731343,1.022245729946,0.0,-0.011071428571428565,0.01107142857142851
9,24,4,300,150,0.007462686567164179,0.007462686567164179,0.0,0.321056840729,0.0,-0.048557997557997556,0.0485579975579975
9,24,4,300,300,0.0,0.0,0.0,0.857015300251,0.0,-0.0041373626373626335,0.00413736263736264
9,24,4,500,50,0.3875,0.4,0.0125,0.998734565361,0.0,-0.000505126792328725,0.0005051267923286695
9,24,4,500,150,0.0,0.0,0.0,0.266628014382,0.0,-0.11308174431411305,0.113081744314113
9,24,4,500,300,0.0,0.0,0.0,0.203675390431,0.0,-0.14925885179665527,0.14925885179665532
9,24,10,100,50,0.001,0.001,0.0,0.855888861806,0.0,-0.0022075702075702065,0.002207570207570231
9,24,10,100,150,0.0,0.0,0.0,0.885931720519,0.0,-0.001421855921855921,0.0014218559218559523
9,24,10,100,300,0.0,0.0,0.0,0.98672328399,0.0,0.00016239316239316515,-0.00016239316239308188
9,24,10,300,50,0.003003003003003003,0.003003003003003003,0.0,0.914489250948,0.0,-0.002440781440781442,0.0024407814407814143
9,24,10,300,150,0.0,0.0,0.0,0.441973829071,0.0,-0.029133089133089138,0.029133089133089096
9,24,10,300,300,0.0,0.0,0.0,0.87367028053,0.0,-0.004192918192918192,0.004192918192918227
9,24,10,500,50,0.0,0.0,0.0,0.88839348773,0.0,-0.00447208172074022,0.004472081720740206
9,24,10,500,150,0.0,0.0,0.0,0.973504149544,0.0,-0.0006262991889272734,0.0006262991889273151
9,24,10,500,300,0.0,0.0,0.0,0.968473797925,0.0,-0.0009281448468102735,0.0009281448468103637
9,24,16,100,50,0.0,0.0,0.0,0.914088838939,0.0,-0.0011422466422466443,0.0011422466422467137
9,24,16,100,150,0.0,0.0,0.0,0.184324484878,0.0,-0.014775946275946278,0.014775946275946361
9,24,16,100,300,0.0,0.0,0.0,0.184324484878,0.0,-0.014775946275946278,0.014775946275946361
9,24,16,300,50,0.003745318352059925,0.003745318352059925,0.0,0.915717012616,0.0,-0.002189865689865688,0.0021898656898656776
9,24,16,300,150,0.0,0.0,0.0,0.946920929169,0.0,-0.0005372405372405381,0.0005372405372405797
9,24,16,300,300,0.0,0.0,0.0,0.927388061924,0.0,-0.002007936507936507,0.002007936507936514
9,24,16,500,50,0.0,0.0,0.0,0.956185469282,0.0,-0.0017554707997932337,0.0017554707997932129
9,24,16,500,150,0.0,0.0,0.0,0.948612297852,0.0,-0.002071370000452155,0.0020713700004520996
9,24,16,500,300,0.0,0.0,0.0,0.9225250363,0.0,-0.0027465510772957114,0.0027465510772956003
10,24,4,100,50,0.0025,0.0025,0.0,0.312621266057,0.0,-0.047004884004884,0.04700488400488401
10,24,4,100,150,0.0,0.0,0.0,0.877184571617,0.0,-0.0019023199023199024,0.0019023199023199266
10,24,4,100,300,0.0,0.0,0.0,0.112035146435,0.0,-0.13296520146520147,0.1329652014652014
10,24,4,300,50,0.3609022556390977,0.38345864661654133,0.022556390977,0.995726461698,4.2124542124599706e-05,-0.0034327312457994585,0.0034327312457994585
10,24,4,300,150,0.007518796992481203,0.007518796992481203,0.0,0.725356035349,0.0,-0.012246642246642243,0.012246642246642181
10,24,4,300,300,0.0,0.0,0.0,0.308727731235,0.0,-0.05156043956043956,0.05156043956043954
10,24,4,500,50,0.875,0.8375,-0.0375,0.999583582771,0.0,-0.0016316474810028625,0.001631647481002807
10,24,4,500,150,0.0125,0.0125,0.0,0.511239009995,0.0,-0.06359634911998631,0.06359634911998635
10,24,4,500,300,0.0,0.0,0.0,0.231104365931,0.0,-0.12882862505119913,0.12882862505119907
10,24,10,100,50,0.001,0.001,0.0,0.98222828228,0.0,-0.00027777777777777957,0.0002777777777778212
10,24,10,100,150,0.0,0.0,0.0,0.968322015335,0.0,-0.0005415140415140421,0.0005415140415140351
10,24,10,100,300,0.0,0.0,0.0,0.968322015335,0.0,-0.0005415140415140421,0.0005415140415140351
10,24,10,300,50,0.003003003003003003,0.003003003003003003,0.0,0.961192969893,0.0,-0.0013064713064713032,0.001306471306471324
10,24,10,300,150,0.003003003003003003,0.003003003003003003,0.0,0.928550560386,0.0,-0.0020189255189255184,0.002018925518925574
10,24,10,300,300,0.0,0.0,0.0,0.90977297264,0.0,-0.00256532356532356,0.002565323565323463
10,24,10,500,50,0.005,0.0,-0.005,0.897012975718,0.0,-0.003971455355479762,0.003971455355479714
10,24,10,500,150,0.0,0.0,0.0,0.93382558871,0.0,-0.0018382409072726577,0.0018382409072725814
10,24,10,500,300,0.0,0.0,0.0,0.943264179288,0.0,-0.0015127318030944761,0.0015127318030945247
10,24,16,100,50,0.0,0.0,0.0,0.768857669651,0.0,-0.0035769230769230782,0.003576923076923033
10,24,16,100,150,0.0,0.0,0.0,0.212737181464,0.0,-0.015555555555555555,0.015555555555555656
10,24,16,100,300,0.0,0.0,0.0,0.222797767709,0.0,-0.015349206349206349,0.015349206349206446
10,24,16,300,50,0.0018796992481203006,0.0018796992481203006,0.0,0.970655026153,0.0,-0.0003382173382173448,0.00033821733821737254
10,24,16,300,150,0.0,0.0,0.0,0.920870137181,0.0,-0.001899267399267393,0.0018992673992673792
10,24,16,300,300,0.0,0.0,0.0,0.912442433251,0.0,-0.002255799755799752,0.0022557997557998144
10,24,16,500,50,0.00625,0.003125,-0.003125,0.912409880873,0.0,-0.0032764659360524223,0.003276465936052353
10,24,16,500,150,0.0,0.0,0.0,0.96304831224,0.0,-0.0011194337485152042,0.0011194337485151973
10,24,16,500,300,0.0,0.0,0.0,0.887827085417,0.0,-0.005176999392342292,0.005176999392342285
11,24,4,100,50,0.0,0.0,0.0,0.146630381846,0.0,-0.13245726495726495,0.13245726495726495
11,24,4,100,150,0.0,0.0,0.0,0.148818654076,0.0,-0.13061416361416361,0.13061416361416356
11,24,4,100,300,0.0,0.0,0.0,0.148665803442,0.0,-0.13026984126984126,0.1302698412698413
11,24,4,300,50,0.0,0.0,0.0,0.861290646723,0.0,-0.008301247967926861,0.008301247967926861
11,24,4,300,150,0.0,0.0,0.0,0.94111691063,0.0,-0.002176915649102218,0.0021769156491021624
11,24,4,300,300,0.0,0.0,0.0,0.934766128525,0.0,-0.0029206849767151946,0.00292068497671516
11,24,4,500,50,0.0125,0.025,0.0125,0.991197117556,0.0,-0.004649788885029205,0.004649788885029205
11,24,4,500,150,0.0,0.0,0.0,0.816445229619,0.0,-0.009632885009613928,0.009632885009614012
11,24,4,500,300,0.0,0.0,0.0,0.903512482016,0.0,-0.004947624895421027,0.00494762489542111
11,24,10,100,50,0.0,0.0,0.0,0.246672402006,0.0,-0.05181318681318682,0.05181318681318681
11,24,10,100,150,0.0,0.0,0.0,0.254565845539,0.0,-0.05008363858363858,0.05008363858363851
11,24,10,100,300,0.0,0.0,0.0,0.25229807796,0.0,-0.050191086691086684,0.05019108669108663
11,24,10,300,50,0.0,0.0,0.0,0.499195253888,0.0,-0.025082501800289154,0.025082501800289148
11,24,10,300,150,0.0,0.0,0.0,0.989166164675,0.0,-8.062363604047218e-05,8.062363604044442e-05
11,24,10,300,300,0.0,0.0,0.0,0.981309006674,0.0,-0.00015452863574424297,0.00015452863574416664
11,24,10,500,50,0.0,0.0,0.0,0.581022602201,0.0,-0.026409737869349394,0.026409737869349414
11,24,10,500,150,0.0,0.0,0.0,0.876522161128,0.0,-0.0049009398150664865,0.004900939815066563
11,24,10,500,300,0.0,0.0,0.0,0.880970564906,0.0,-0.004539355023127384,0.004539355023127412
11,24,16,100,50,0.0,0.0,0.0,0.206619272936,0.0,-0.016713675213675214,0.016713675213675172
11,24,16,100,150,0.0,0.0,0.0,0.207404709171,0.0,-0.016594017094017095,0.01659401709401709
11,24,16,100,300,0.0,0.0,0.0,0.207404709171,0.0,-0.016594017094017095,0.01659401709401709
11,24,16,300,50,0.0,0.0,0.0,0.94449476159,0.0,-0.0008954109881464944,0.0008954109881464944
11,24,16,300,150,0.0,0.0,0.0,0.911528739087,0.0,-0.002601333832548375,0.002601333832548347
11,24,16,300,300,0.0,0.0,0.0,0.511960560552,0.0,-0.016229782248996325,0.016229782248996405
11,24,16,500,50,0.0,0.0,0.0,0.976689669329,0.0,-0.0005674193778909195,0.0005674193778908432
11,24,16,500,150,0.0,0.0,0.0,0.952086185938,0.0,-0.001900152513044845,0.0019001525130448726
11,24,16,500,300,0.0,0.0,0.0,0.641334201031,0.0,-0.016416682496181063,0.016416682496181
12,24,4,100,50,0.0025,0.0025,0.0,0.846908765134,0.0,-0.0034932844932844924,0.0034932844932845653
12,24,4,100,150,0.0,0.0,0.0,0.108206893894,0.0,-0.13358608058608057,0.13358608058608057
12,24,4,100,300,0.0,0.0,0.0,0.107899443977,0.0,-0.133503663003663,0.133503663003663
12,24,4,300,50,0.35074626865671643,0.44029850746268656,0.089552238806,1.00253654085,0.0,-0.0002191697191696873,0.0002191697191696873
12,24,4,300,150,0.007462686567164179,0.007462686567164179,0.0,0.41264783189,0.0,-0.04116544566544566,0.041165445665445666
12,24,4,300,300,0.0,0.0,0.0,0.505920942371,0.0,-0.02077106227106227,0.02077106227106229
12,24,4,500,50,0.775,0.8,0.025,0.999842825639,3.6630036629459184e-06,0.0028826146012050913,-0.0028826146012050358
12,24,4,500,150,0.025,0.025,0.0,0.772670551501,0.0,-0.013899058840916564,0.013899058840916578
12,24,4,500,300,0.0,0.0,0.0,0.81916367457,0.0,-0.008626833568556952,0.00862683356855698
12,24,10,100,50,0.0,0.0,0.0,0.888398220217,0.0,-0.0018772893772893776,0.0018772893772893706
12,24,10,100,150,0.0,0.0,0.0,0.898292476157,0.0,-0.0019273504273504272,0.0019273504273504827
12,24,10,100,300,0.0,0.0,0.0,0.899739723643,0.0,-0.0018131868131868144,0.0018131868131868734
12,24,10,300,50,0.006006006006006006,0.006006006006006006,0.0,0.267430785643,0.0,-0.06808547008547008,0.06808547008547006
12,24,10,300,150,0.003003003003003003,0.003003003003003003,0.0,0.941390266853,0.0,-0.0010244200244200197,0.0010244200244200474
12,24,10,300,300,0.0,0.0,0.0,0.270178612336,0.0,-0.052834554334554334,0.05283455433455431
12,24,10,500,50,0.02,0.02,0.0,0.740456861633,0.0,-0.012148164614592581,0.01214816461459256
12,24,10,500,150,0.0,0.0,0.0,0.82242396713,0.0,-0.005730865510925831,0.005730865510925831
12,24,10,500,300,0.0,0.0,0.0,0.853329696225,0.0,-0.004678618998210017,0.004678618998210093
12,24,16,100,50,0.0,0.0,0.0,0.868551298389,0.0,-0.001876678876678875,0.0018766788766788611
12,24,16,100,150,0.0,0.0,0.0,0.226244000576,0.0,-0.015001831501831502,0.015001831501831542
12,24,16,100,300,0.0,0.0,0.0,0.226244000576,0.0,-0.015001831501831502,0.015001831501831542
12,24,16,300,50,0.0018796992481203006,0.0018796992481203006,0.0,0.932913984306,0.0,-0.0014236874236874253,0.0014236874236874808
12,24,16,300,150,0.0,0.0,0.0,0.900174996636,0.0,-0.002204517704517704,0.0022045177045176834
12,24,16,300,300,0.0,0.0,0.0,0.484914175387,0.0,-0.014621489621489622,0.01462148962148957
12,24,16,500,50,0.009375,0.00625,-0.003125,0.908053347059,0.0,-0.0032043746095298253,0.0032043746095298253
12,24,16,500,150,0.0,0.0,0.0,0.891753472998,0.0,-0.004335402201839568,0.004335402201839589
12,24,16,500,300,0.0,0.0,0.0,0.917939277305,0.0,-0.0031848320161421834,0.0031848320161421695
13,24,4,100,50,0.0,0.0,0.0,0.933299622154,0.0,-0.0015686365501475195,0.0015686365501474953
13,24,4,100,150,0.0,0.0,0.0,0.942865931191,0.0,-0.0018342484222044209,0.0018342484222044764
13,24,4,100,300,0.0,0.0,0.0,0.945606434381,0.0,-0.0018256999941382197,0.0018256999941382857
13,24,4,300,50,0.0,0.0,0.0,0.298830998383,0.0,-0.09846797960567798,0.09846797960567788
13,24,4,300,150,0.0,0.0,0.0,0.942905858031,0.0,-0.0014977118461117905,0.0014977118461118044
13,24,4,300,300,0.0,0.0,0.0,0.963404164535,0.0,-0.0011252714564498542,0.0011252714564499167
13,24,4,500,50,0.0625,0.1125,0.05,0.99468509968,0.0,-0.0009118368160688783,0.0009118368160688783
13,24,4,500,150,0.0,0.0,0.0,0.87115263204,0.0,-0.0065100623119069,0.006510062311906983
13,24,4,500,300,0.0,0.0,0.0,0.889413823926,0.0,-0.004993392087996221,0.004993392087996207
13,24,10,100,50,0.0,0.0,0.0,0.960019852569,0.0,-0.0006776556776556773,0.000677655677655653
13,24,10,100,150,0.0,0.0,0.0,0.961768676727,0.0,-0.0005659340659340643,0.0005659340659340817
13,24,10,100,300,0.0,0.0,0.0,0.961768676727,0.0,-0.0005659340659340643,0.0005659340659340817
13,24,10,300,50,0.0,0.0,0.0,0.876753658267,0.0,-0.0035152625152625183,0.003515262515262463
13,24,10,300,150,0.0,0.0,0.0,0.938323960707,0.0,-0.0016721611721611726,0.0016721611721611795
13,24,10,300,300,0.0,0.0,0.0,0.939463371067,0.0,-0.0013962148962149007,0.0013962148962148868
13,24,10,500,50,0.005,0.005,0.0,0.588120784097,0.0,-0.02179055374274605,0.021790553742746077
13,24,10,500,150,0.0,0.0,0.0,0.933004406231,0.0,-0.0021774067488618404,0.0021774067488617987
13,24,10,500,300,0.0,0.0,0.0,0.931412688316,0.0,-0.0020949754782234875,0.0020949754782234598
13,24,16,100,50,0.0,0.0,0.0,0.226245963011,0.0,-0.015161782661782662,0.015161782661782586
13,24,16,100,150,0.0,0.0,0.0,0.219043415098,0.0,-0.015278998778998779,0.015278998778998742
13,24,16,100,300,0.0,0.0,0.0,0.228684472258,0.0,-0.01517948717948718,0.015179487179487139
13,24,16,300,50,0.0,0.0,0.0,0.969815377665,0.0,-0.00050976800976801,0.0005097680097680968
13,24,16,300,150,0.0,0.0,0.0,0.824757540112,0.0,-0.00451953601953602,0.00451953601953603
13,24,16,300,300,0.0,0.0,0.0,0.49090321172,0.0,-0.014688644688644687,0.014688644688644725
13,24,16,500,50,0.00625,0.00625,0.0,0.918534645581,0.0,-0.002363029758299301,0.0023630297582993842
13,24,16,500,150,0.0,0.0,0.0,0.924831989507,0.0,-0.0017744094257410303,0.0017744094257409193
13,24,16,500,300,0.0,0.0,0.0,0.609632112449,0.0,-0.015410373395337934,0.015410373395337906
14,24,4,100,50,0.0025,0.0025,0.0,0.901027405302,0.0,-0.0020347985347985327,0.0020347985347985986
14,24,4,100,150,0.0,0.0,0.0,0.110824621936,0.0,-0.14187728937728938,0.14187728937728938
14,24,4,100,300,0.0,0.0,0.0,0.132287107307,0.0,-0.13365445665445666,0.13365445665445663
14,24,4,300,50,0.014925373134328358,0.022388059701492536,0.007462686567,1.001478837379,0.0,-0.001381562881562881,0.001381562881562881
14,24,4,300,150,0.007462686567164179,0.007462686567164179,0.0,0.894982324521,0.0,-0.002854090354090351,0.002854090354090344
14,24,4,300,300,0.0,0.0,0.0,0.883218959762,0.0,-0.0036196581196581215,0.0036196581196580313
14,24,4,500,50,0.2625,0.275,0.0125,1.003735695023,0.0,0.0030150643109730924,-0.0030150643109730924
14,24,4,500,150,0.0,0.0,0.0,0.240643585881,0.0,-0.12600693299632798,0.12600693299632792
14,24,4,500,300,0.0,0.0,0.0,0.237909066654,0.0,-0.12679847148656925,0.1267984714865692
14,24,10,100,50,0.0,0.0,0.0,0.950352522197,0.0,-0.000554334554334554,0.0005543345543345124
14,24,10,100,150,0.0,0.0,0.0,0.957040329421,0.0,-0.00041086691086691246,0.00041086691086689164
14,24,10,100,300,0.0,0.0,0.0,0.948918291105,0.0,-0.0006642246642246628,0.0006642246642246663
14,24,10,300,50,0.0029850746268656717,0.0029850746268656717,0.0,0.167795046704,0.0,-0.11152319902319903,0.11152319902319907
14,24,10,300,150,0.0,0.0,0.0,0.971004951112,0.0,-0.00043284493284493145,0.0004328449328449002
14,24,10,300,300,0.0,0.0,0.0,0.971004951112,0.0,-0.00043284493284493145,0.0004328449328449002
14,24,10,500,50,0.015,0.015,0.0,0.764138228374,0.0,-0.011600687122320971,0.011600687122320985
14,24,10,500,150,0.0,0.0,0.0,0.907553365257,0.0,-0.0027874636829463215,0.002787463682946356
14,24,10,500,300,0.0,0.0,0.0,0.907580347411,0.0,-0.0026048093675395817,0.0026048093675395956
14,24,16,100,50,0.0,0.0,0.0,0.88302807001,0.0,-0.0015231990231990254,0.0015231990231989734
14,24,16,100,150,0.0,0.0,0.0,0.212395552893,0.0,-0.015655677655677658,0.015655677655677658
14,24,16,100,300,0.0,0.0,0.0,0.212395552893,0.0,-0.015655677655677658,0.015655677655677658
14,24,16,300,50,0.0018656716417910447,0.0018656716417910447,0.0,0.951748745149,0.0,-0.0012258852258852267,0.0012258852258852926
14,24,16,300,150,0.0,0.0,0.0,0.910839266225,0.0,-0.0022130647130647156,0.002213064713064705
14,24,16,300,300,0.0,0.0,0.0,0.46912343529,0.0,-0.015192918192918193,0.015192918192918126
14,24,16,500,50,0.0,0.0,0.0,0.906965803593,0.0,-0.0030168684526902384,0.0030168684526902245
14,24,16,500,150,0.0,0.0,0.0,0.640209270956,0.0,-0.015284612017040025,0.015284612017040011
14,24,16,500,300,0.0,0.0,0.0,0.619031919969,0.0,-0.016143085411997014,0.01614308541199705
15,24,4,100,50,0.0025,0.0025,0.0,0.140982030311,0.0,-0.11527777777777778,0.11527777777777781
15,24,4,100,150,0.0,0.0,0.0,0.476570587888,0.0,-0.01944749694749695,0.019447496947496923
15,24,4,100,300,0.0,0.0,0.0,0.076360374431,0.0,-0.13655250305250305,0.1365525030525031
15,24,4,300,50,0.029850746268656716,0.014925373134328358,-0.014925373134,0.386593170663,0.0,-0.14607875457875458,0.14607875457875463
15,24,4,300,150,0.007462686567164179,0.007462686567164179,0.0,0.917546171942,0.0,-0.002633089133089128,0.002633089133089128
15,24,4,300,300,0.0,0.0,0.0,0.883857463139,0.0,-0.0030329670329670363,0.003032967032967071
15,24,4,500,50,0.2625,0.275,0.0125,0.999100649695,-3.9072039072052256e-05,-0.0003152763967256833,0.0003152763967256833
15,24,4,500,150,0.0,0.0,0.0,0.876978574166,0.0,-0.0046817326260725,0.004681732626072521
15,24,4,500,300,0.0,0.0,0.0,0.922322572152,0.0,-0.0035853968564374603,0.0035853968564374394
15,24,10,100,50,0.0,0.0,0.0,0.944662925375,0.0,-0.0006984126984126982,0.0006984126984127537
15,24,10,100,150,0.0,0.0,0.0,1.001767093607,0.0,0.00015323565323565116,-0.00015323565323566157
15,24,10,100,300,0.0,0.0,0.0,0.97884140423,0.0,-0.0007673992673992644,0.0007673992673992158
15,24,10,300,50,0.003003003003003003,0.003003003003003003,0.0,0.948616010767,0.0,-0.0012857142857142859,0.0012857142857142234
15,24,10,300,150,0.003003003003003003,0.003003003003003003,0.0,0.48771994892,0.0,-0.020946275946275947,0.02094627594627585
15,24,10,300,300,0.0,0.0,0.0,0.858619046291,0.0,-0.0036465201465201436,0.003646520146520116
15,24,10,500,50,0.005,0.005,0.0,0.197302675689,0.0,-0.1448587107971351,0.14485871079713508
15,24,10,500,150,0.0,0.0,0.0,0.220936649764,0.0,-0.10430467623261386,0.10430467623261386
15,24,10,500,300,0.0,0.0,0.0,0.287768646858,0.0,-0.0723049940110978,0.0723049940110978
15,24,16,100,50,0.0,0.0,0.0,0.826469468773,0.0,-0.002998778998779001,0.0029987789987789837
15,24,16,100,150,0.0,0.0,0.0,0.224638452855,0.0,-0.014826617826617827,0.014826617826617872
15,24,16,100,300,0.0,0.0,0.0,0.22462615664,0.0,-0.014835775335775337,0.014835775335775403
15,24,16,300,50,0.001869158878504673,0.001869158878504673,0.0,0.918574175516,0.0,-0.001755189255189256,0.001755189255189249
15,24,16,300,150,0.0,0.0,0.0,0.937983198039,0.0,-0.001514652014652014,0.0015146520146519515
15,24,16,300,300,0.0,0.0,0.0,0.901440272034,0.0,-0.0026978021978021974,0.002697802197802135
15,24,16,500,50,0.0,0.003125,0.003125,0.901307604514,0.0,-0.0027411477411477397,0.0027411477411477536
15,24,16,500,150,0.0,0.0,0.0,0.88853994094,0.0,-0.0040665445665445665,0.004066544566544539
15,24,16,500,300,0.0,0.0,0.0,0.603998495267,0.0,-0.015378510378510377,0.015378510378510346
16,24,4,100,50,0.0,0.0,0.0,0.825397850774,0.0,-0.0029352869352869335,0.002935286935286885
16,24,4,100,150,0.0,0.0,0.0,0.895378532408,0.0,-0.002089743589743589,0.0020897435897435646
16,24,4,100,300,0.0,0.0,0.0,0.895378532408,0.0,-0.002089743589743589,0.0020897435897435646
16,24,4,300,50,0.014925373134328358,0.022388059701492536,0.007462686567,1.035912908522,0.0,-0.006496290713284891,0.006496290713284947
16,24,4,300,150,0.0,0.0,0.0,0.856058481089,0.0,-0.0035462075856837333,0.0035462075856836917
16,24,4,300,300,0.0,0.0,0.0,0.948409528457,0.0,-0.0012484409757384657,0.0012484409757385073
16,24,4,500,50,0.75,0.7625,0.0125,1.000030579526,0.0,0.0005942921083138542,-0.0005942921083138542
16,24,4,500,150,0.0,0.0,0.0,0.818132016336,0.0,-0.006977587919195817,0.006977587919195893
16,24,4,500,300,0.0,0.0,0.0,0.444497026964,0.0,-0.03728587465994642,0.03728587465994637
16,24,10,100,50,0.0,0.0,0.0,0.175233372871,0.0,-0.05519108669108669,0.05519108669108663
16,24,10,100,150,0.0,0.0,0.0,0.181827000118,0.0,-0.052422466422466424,0.052422466422466396
16,24,10,100,300,0.0,0.0,0.0,0.182825435039,0.0,-0.052142857142857144,0.05214285714285716
16,24,10,300,50,0.002976190476190476,0.0,-0.002976190476,0.212982193545,0.0,-0.07348412698412699,0.07348412698412699
16,24,10,300,150,0.0,0.0,0.0,0.835794250473,0.0,-0.004067155067155066,0.004067155067155159
16,24,10,300,300,0.0,0.0,0.0,0.832407475261,0.0,-0.004277167277167277,0.004277167277167315
16,24,10,500,50,0.0,0.0,0.0,0.574591941378,0.0,-0.01705372405372406,0.017053724053724073
16,24,10,500,150,0.0,0.0,0.0,0.988014299521,0.0,-0.0009493284493284487,0.0009493284493283793
16,24,10,500,300,0.0,0.0,0.0,0.986105288733,0.0,-0.0010103785103785096,0.0010103785103784402
16,24,16,100,50,0.0,0.0,0.0,0.13840508563,0.0,-0.014556776556776558,0.014556776556776563
16,24,16,100,150,0.0,0.0,0.0,0.13840508563,0.0,-0.014556776556776558,0.014556776556776563
16,24,16,100,300,0.0,0.0,0.0,0.13840508563,0.0,-0.014556776556776558,0.014556776556776563
16,24,16,300,50,0.0,0.0,0.0,0.97507447504,0.0,-0.0008479853479853479,0.0008479853479853583
16,24,16,300,150,0.0,0.0,0.0,0.917122527431,0.0,-0.0019450549450549456,0.0019450549450549248
16,24,16,300,300,0.0,0.0,0.0,0.478603884846,0.0,-0.013402319902319904,0.013402319902319881
16,24,16,500,50,0.0,0.0,0.0,0.983829624462,0.0,-1.587301587301776e-05,1.58730158730247e-05
16,24,16,500,150,0.0,0.0,0.0,0.960079602397,0.0,-0.0010170940170940168,0.0010170940170940446
16,24,16,500,300,0.0,0.0,0.0,0.895341539264,0.0,-0.003460317460317462,0.003460317460317497
7,36,4,100,50,0.0,0.0,0.0,0.143584976701,0.0,-0.19801953601953604,0.19801953601953592
7,36,4,100,150,0.0,0.0,0.0,0.158036966219,0.0,-0.19150427350427351,0.19150427350427357
7,36,4,100,300,0.0,0.0,0.0,0.158036966219,0.0,-0.19150427350427351,0.19150427350427357
7,36,4,300,50,0.05303030303030303,0.08333333333333333,0.030303030303,1.001710872646,3.113553113553991e-05,-0.003375912421937133,0.003375912421937133
7,36,4,300,150,0.0,0.0,0.0,0.928282342259,0.0,-0.002892064816959125,0.002892064816959139
7,36,4,300,300,0.0,0.0,0.0,0.949100721666,0.0,-0.0024258392823426414,0.0024258392823426345
7,36,4,500,50,0.8375,0.9,0.0625,1.001851253462,0.0,0.002122762132709899,-0.002122762132709899
7,36,4,500,150,0.0,0.0,0.0,0.822521452138,-6.715506715493369e-06,-0.02908901931890473,0.02908901931890473
7,36,4,500,300,0.0,0.0,0.0,0.909106582894,0.0,-0.004932336193216563,0.0049323361932166465
7,36,10,100,50,0.0,0.0,0.0,0.428029410225,0.0,-0.03513919413919414,0.035139194139194085
7,36,10,100,150,0.0,0.0,0.0,0.427245872565,0.0,-0.035252747252747255,0.035252747252747185
7,36,10,100,300,0.0,0.0,0.0,0.429447251289,0.0,-0.03531074481074481,0.03531074481074481
7,36,10,300,50,0.0,0.0,0.0,0.469660027239,0.0,-0.056618891855644664,0.056618891855644726
7,36,10,300,150,0.0,0.0,0.0,0.528712711656,0.0,-0.03941177620184145,0.03941177620184144
7,36,10,300,300,0.0,0.0,0.0,0.55859772655,0.0,-0.0359105022340241,0.03591050223402403
7,36,10,500,50,0.025,0.02,-0.005,0.546029618841,-5.494505494474389e-06,-0.06467955713716168,0.06467955713716178
7,36,10,500,150,0.0,0.0,0.0,0.902524861092,0.0,-0.006582143278325306,0.006582143278325292
7,36,10,500,300,0.0,0.0,0.0,0.962716343828,0.0,-0.0018276263038870255,0.0018276263038869978
7,36,16,100,50,0.0,0.0,0.0,0.601193673136,0.0,-0.0093015873015873,0.009301587301587366
7,36,16,100,150,0.0,0.0,0.0,0.18255428374,0.0,-0.02223076923076923,0.022230769230769165
7,36,16,100,300,0.0,0.0,0.0,0.189943021853,0.0,-0.022013431013431013,0.022013431013431006
7,36,16,300,50,0.0,0.0,0.0,0.845653166834,0.0,-0.005144688644688644,0.005144688644688644
7,36,16,300,150,0.0,0.0,0.0,0.790946981251,0.0,-0.007541514041514041,0.007541514041514041
7,36,16,300,300,0.0,0.0,0.0,0.420564973894,0.0,-0.02442673992673993,0.024426739926739938
7,36,16,500,50,0.0,0.0,0.0,0.499732901584,0.0,-0.03880665962339044,0.03880665962339036
7,36,16,500,150,0.0,0.0,0.0,0.935681366588,0.0,-0.0037505751431823955,0.003750575143182333
7,36,16,500,300,0.0,0.0,0.0,0.859963412042,0.0,-0.008283283910228173,0.008283283910228145
8,36,4,100,50,0.0025,0.0025,0.0,0.932945551654,0.0,-0.0021318681318681296,0.0021318681318680532
8,36,4,100,150,0.0,0.0,0.0,0.573624277633,0.0,-0.01784065934065934,0.01784065934065926
8,36,4,100,300,0.0,0.0,0.0,0.579767514059,0.0,-0.01726190476190476,0.01726190476190481
8,36,4,300,50,0.022222222222222223,0.2518518518518518,0.22962962963,1.014022656566,0.0,-0.017492063492063503,0.01749206349206356
8,36,4,300,150,0.007407407407407408,0.007407407407407408,0.0,0.420850732817,0.0,-0.06832478632478632,0.06832478632478634
8,36,4,300,300,0.0,0.0,0.0,0.200594324303,0.0,-0.18394566544566543,0.18394566544566548
8,36,4,500,50,0.2625,0.3625,0.1,1.001149283892,0.0,-0.0008333333333333526,0.0008333333333333526
8,36,4,500,150,0.0,0.0,0.0,0.943186588282,0.0,-0.004189865689865693,0.0041898656898657904
8,36,4,500,300,0.0,0.0,0.0,0.858081306977,0.0,-0.008251526251526253,0.008251526251526253
8,36,10,100,50,0.0,0.0,0.0,0.917222761581,0.0,-0.0016800976800976815,0.001680097680097692
8,36,10,100,150,0.0,0.0,0.0,0.94844311414,0.0,-0.0009145299145299143,0.0009145299145298935
8,36,10,100,300,0.0,0.0,0.0,0.951991054468,0.0,-0.0009529914529914536,0.0009529914529914363
8,36,10,300,50,0.0029940119760479044,0.0029940119760479044,0.0,0.900854736872,0.0,-0.0044597069597069605,0.004459706959706877
8,36,10,300,150,0.0,0.0,0.0,0.857095219623,0.0,-0.006302197802197804,0.006302197802197762
8,36,10,300,300,0.0,0.0,0.0,0.84265897656,0.0,-0.0071581196581196604,0.007158119658119744
8,36,10,500,50,0.01,0.005,-0.005,0.806534895202,0.0,-0.012487789987789988,0.012487789987789988
8,36,10,500,150,0.0,0.0,0.0,0.970948917007,0.0,-0.0026086691086691094,0.0026086691086690816
8,36,10,500,300,0.0,0.0,0.0,0.893908137411,0.0,-0.00665811965811966,0.006658119658119577
8,36,16,100,50,0.0,0.0,0.0,0.169143322964,0.0,-0.024165445665445665,0.02416544566544565
8,36,16,100,150,0.0,0.0,0.0,0.153329049924,0.0,-0.024776556776556775,0.02477655677655677
8,36,16,100,300,0.0,0.0,0.0,0.145882088427,0.0,-0.025015262515262513,0.025015262515262537
8,36,16,300,50,0.001869158878504673,0.001869158878504673,0.0,0.960395479627,0.0,-0.0012295482295482316,0.0012295482295482385
8,36,16,300,150,0.0,0.0,0.0,0.912538386499,0.0,-0.003181929181929187,0.003181929181929166
8,36,16,300,300,0.0,0.0,0.0,0.440381857223,0.0,-0.02367948717948718,0.023679487179487202
8,36,16,500,50,0.00625,0.003125,-0.003125,0.873018661916,0.0,-0.0065866910866910905,0.006586691086691077
8,36,16,500,150,0.0,0.0,0.0,0.933461181323,0.0,-0.003462148962148963,0.0034621489621490253
8,36,16,500,300,0.0,0.0,0.0,0.896426423509,0.0,-0.006362026862026859,0.006362026862026915
9,36,4,100,50,0.0025,0.0025,0.0,0.436013181884,0.0,-0.03672649572649572,0.03672649572649567
9,36,4,100,150,0.0,0.0,0.0,0.805832031086,0.0,-0.005269841269841268,0.005269841269841313
9,36,4,100,300,0.0,0.0,0.0,0.806633074201,0.0,-0.005816849816849819,0.005816849816849823
9,36,4,300,50,0.022388059701492536,0.09701492537313433,0.074626865672,0.793347505783,0.0,-0.10293956043956043,0.10293956043956043
9,36,4,300,150,0.0,0.0,0.0,0.223633833432,0.0,-0.1836031746031746,0.18360317460317466
9,36,4,300,300,0.0,0.0,0.0,0.546484015655,0.0,-0.036293650793650795,0.03629365079365077
9,36,4,500,50,0.2375,0.25,0.0125,1.012968690609,0.0,0.0053663003663003694,-0.0053663003663003694
9,36,4,500,150,0.0,0.0,0.0,0.933636239249,0.0,-0.002899267399267394,0.00289926739926738
9,36,4,500,300,0.0,0.0,0.0,0.939594732281,0.0,-0.002220390720390708,0.002220390720390708
9,36,10,100,50,0.0,0.0,0.0,0.911275803861,0.0,-0.0027234432234432213,0.0027234432234432004
9,36,10,100,150,0.0,0.0,0.0,0.251606058627,0.00016117216117217392,-0.04026418204128164,0.04026418204128168
9,36,10,100,300,0.0,0.0,0.0,0.248424307368,0.00014407814407813024,-0.04020501631756611,0.04020501631756612
9,36,10,300,50,0.003003003003003003,0.003003003003003003,0.0,0.911084207102,0.0,-0.0025311355311355282,0.0025311355311355976
9,36,10,300,150,0.0,0.0,0.0,0.957037940992,0.0,-0.0017582417582417548,0.0017582417582417964
9,36,10,300,300,0.0,0.0,0.0,0.937901927227,0.0,-0.0016770451770451791,0.0016770451770451444
9,36,10,500,50,0.005,0.0,-0.005,0.851247148192,0.0,-0.006952380952380953,0.006952380952380932
9,36,10,500,150,0.0,0.0,0.0,0.962465124274,0.0,-0.0016385836385836433,0.0016385836385836017
9,36,10,500,300,0.0,0.0,0.0,0.963016003487,0.0,-0.0014389499389499405,0.001438949938949996
9,36,16,100,50,0.0,0.0,0.0,0.899055723683,0.0,-0.002269841269841269,0.0022698412698413106
9,36,16,100,150,0.0,0.0,0.0,0.17263894495,0.0,-0.022803418803418803,0.02280341880341885
9,36,16,100,300,0.0,0.0,0.0,0.156998351976,0.0,-0.023036630036630035,0.023036630036630035
9,36,16,300,50,0.0018726591760299626,0.0018726591760299626,0.0,0.938795668702,0.0,-0.0018351648351648334,0.001835164835164882
9,36,16,300,150,0.0,0.0,0.0,0.427235385918,0.0,-0.02432173382173382,0.02432173382173386
9,36,16,300,300,0.0,0.0,0.0,0.427206316974,0.0,-0.024146520146520144,0.02414652014652008
9,36,16,500,50,0.0,0.0,0.0,0.418696152447,0.0,-0.047713675213675213,0.0477136752136752
9,36,16,500,150,0.0,0.0,0.0,0.555189829616,0.0,-0.028269841269841264,0.028269841269841223
9,36,16,500,300,0.0,0.0,0.0,0.789444510755,0.0,-0.011101953601953596,0.01110195360195354
10,36,4,100,50,0.0025,0.0025,0.0,0.377865754038,0.0,-0.045728327228327224,0.045728327228327204
10,36,4,100,150,0.0,0.0,0.0,0.892290012564,0.0,-0.003158730158730156,0.0031587301587301386
10,36,4,100,300,0.0,0.0,0.0,0.926778863875,0.0,-0.002253357753357752,0.0022533577533577764
10,36,4,300,50,0.10526315789473684,0.24060150375939848,0.135338345865,1.085404563739,-1.1599511599458268e-05,-0.003488377237673479,0.003488377237673479
10,36,4,300,150,0.007518796992481203,0.007518796992481203,0.0,0.32557282272,0.0,-0.0755848595848596,0.07558485958485961
10,36,4,300,300,0.0,0.0,0.0,0.922730160276,0.0,-0.0038797313797313826,0.0038797313797314104
10,36,4,500,50,0.75,0.75,0.0,1.00365705003,0.0,0.0024200244200244247,-0.0024200244200244247
10,36,4,500,150,0.0,0.0,0.0,0.399156506376,0.0,-0.14282844932844935,0.1428284493284493
10,36,4,500,300,0.0,0.0,0.0,0.428267662128,0.0,-0.09069047619047618,0.09069047619047621
10,36,10,100,50,0.0,0.0,0.0,0.937684971408,0.0,-0.0010347985347985353,0.0010347985347985977
10,36,10,100,150,0.0,0.0,0.0,0.946643585105,0.0,-0.00161721611721612,0.0016172161172162136
10,36,10,100,300,0.0,0.0,0.0,0.950225153883,0.0,-0.0015244200244200236,0.0015244200244201034
10,36,10,300,50,0.003003003003003003,0.003003003003003003,0.0,0.406549730761,0.0,-0.049949938949938946,0.04994993894993893
10,36,10,300,150,0.0,0.0,0.0,0.925837605364,0.0,-0.002887667887667887,0.002887667887667922
10,36,10,300,300,0.0,0.0,0.0,0.927485378087,0.0,-0.0026678876678876695,0.002667887667887725
10,36,10,500,50,0.0,0.0,0.0,0.509895216427,0.0,-0.03552075702075702,0.035520757020756966
10,36,10,500,150,0.0,0.0,0.0,0.960139847846,0.0,-0.0018632478632478605,0.0018632478632478744
10,36,10,500,300,0.0,0.0,0.0,0.960679064248,0.0,-0.0020885225885225803,0.0020885225885226566
10,36,16,100,50,0.0,0.0,0.0,0.895965139466,0.0,-0.002401098901098901,0.0024010989010988526
10,36,16,100,150,0.0,0.0,0.0,0.183138787523,0.0,-0.0228009768009768,0.022800976800976813
10,36,16,100,300,0.0,0.0,0.0,0.170956586087,0.0,-0.0230006105006105,0.02300061050061053
10,36,16,300,50,0.0018796992481203006,0.0018796992481203006,0.0,0.510795393827,0.0,-0.024367521367521364,0.024367521367521294
10,36,16,300,150,0.0,0.0,0.0,0.889463928969,0.0,-0.003648351648351651,0.0036483516483516443
10,36,16,300,300,0.0,0.0,0.0,0.870014920882,0.0,-0.005369963369963371,0.005369963369963426
10,36,16,500,50,0.003125,0.003125,0.0,0.35127975406,0.0,-0.07319108669108668,0.07319108669108665
10,36,16,500,150,0.0,0.0,0.0,0.577502927896,0.0,-0.025219169719169723,0.02521916971916971
10,36,16,500,300,0.0,0.0,0.0,0.572642722567,0.0,-0.025355311355311355,0.025355311355311327
11,36,4,100,50,0.0,0.0,0.0,0.136423992549,0.0,-0.1879059829059829,0.18790598290598293
11,36,4,100,150,0.0,0.0,0.0,0.13672366324,0.0,-0.1872997557997558,0.18729975579975588
11,36,4,100,300,0.0,0.0,0.0,0.136794797203,0.0,-0.1872967032967033,0.18729670329670334
11,36,4,300,50,0.0,0.0,0.0,0.169709247238,0.0,-0.26225702075702073,0.26225702075702073
11,36,4,300,150,0.0,0.0,0.0,0.223101302935,0.0,-0.18543833943833943,0.18543833943833943
11,36,4,300,300,0.0,0.0,0.0,0.223611670057,0.0,-0.18485409035409037,0.1848540903540904
11,36,4,500,50,0.0,0.0,0.0,1.006190326308,0.0,-0.006173736554675235,0.006173736554675235
11,36,4,500,150,0.0,0.0,0.0,0.89167020389,0.0,-0.007256933928623768,0.007256933928623699
11,36,4,500,300,0.0,0.0,0.0,0.891776569135,0.0,-0.00739431803749549,0.007394318037495573
11,36,10,100,50,0.0,0.0,0.0,0.972754266338,0.0,-0.0009578754578754602,0.0009578754578755122
11,36,10,100,150,0.0,0.0,0.0,0.958415152402,0.0,-0.0013431013431013418,0.0013431013431013383
11,36,10,100,300,0.0,0.0,0.0,0.962235659134,0.0,-0.0012912087912087915,0.0012912087912088088
11,36,10,300,50,0.0,0.0,0.0,0.670608057035,0.0,-0.01464590964590965,0.014645909645909616
11,36,10,300,150,0.0,0.0,0.0,0.955340896948,0.0,-0.001968253968253973,0.0019682539682539524
11,36,10,300,300,0.0,0.0,0.0,0.951401172587,0.0,-0.002381562881562882,0.002381562881562882
11,36,10,500,50,0.0,0.0,0.0,0.399376449109,0.0,-0.07757753357753358,0.0775775335775335
11,36,10,500,150,0.0,0.0,0.0,0.942452219658,0.0,-0.003528693528693519,0.0035286935286935606
11,36,10,500,300,0.0,0.0,0.0,0.938948159743,0.0,-0.003804029304029302,0.003804029304029344
11,36,16,100,50,0.0,0.0,0.0,0.744900262278,0.0,-0.006285103785103784,0.006285103785103829
11,36,16,100,150,0.0,0.0,0.0,0.175082008078,0.0,-0.023418803418803417,0.023418803418803424
11,36,16,100,300,0.0,0.0,0.0,0.175082008078,0.0,-0.023418803418803417,0.023418803418803424
11,36,16,300,50,0.0,0.0,0.0,0.904072132908,0.0,-0.0020824175824175825,0.0020824175824175617
11,36,16,300,150,0.0,0.0,0.0,0.872777083238,0.0,-0.0048034188034188074,0.004803418803418835
11,36,16,300,300,0.0,0.0,0.0,0.478668877532,0.0,-0.023516483516483517,0.0235164835164835
11,36,16,500,50,0.0,0.0,0.0,0.898463563609,0.0,-0.006053724053724056,0.006053724053724063
11,36,16,500,150,0.0,0.0,0.0,0.870243009493,0.0,-0.007863858363858368,0.00786385836385839
11,36,16,500,300,0.0,0.0,0.0,0.585947309268,0.0,-0.02674542124542125,0.02674542124542123
12,36,4,100,50,0.0,0.0025,0.0025,0.216725360483,0.0,-0.08629242979242979,0.08629242979242979
12,36,4,100,150,0.0,0.0,0.0,0.868340685533,0.0,-0.0034609279609279613,0.0034609279609280064
12,36,4,100,300,0.0,0.0,0.0,0.891050076585,0.0,-0.002979853479853481,0.0029798534798535226
12,36,4,300,50,0.03731343283582089,0.26865671641791045,0.231343283582,1.064991307941,0.0,-0.010645909645909668,0.010645909645909613
12,36,4,300,150,0.0,0.0,0.0,0.586742118214,0.0,-0.03515323565323565,0.03515323565323558
12,36,4,300,300,0.0,0.0,0.0,0.191357328542,0.0,-0.18535470085470085,0.18535470085470085
12,36,4,500,50,0.5125,0.5125,0.0,1.003026716559,0.0,0.0014920634920635445,-0.001492063492063489
12,36,4,500,150,0.0,0.0,0.0,0.790895417146,0.0,-0.01851465201465201,0.018514652014651967
12,36,4,500,300,0.0,0.0,0.0,0.831336987944,0.0,-0.009330891330891322,0.009330891330891378
12,36,10,100,50,0.0,0.0,0.0,0.849857016903,1.09890109890598e-05,-0.0032903154378610133,0.003290315437860958
12,36,10,100,150,0.0,0.0,0.0,0.894047970263,0.0,-0.0027973137973137975,0.0027973137973137385
12,36,10,100,300,0.0,0.0,0.0,0.8904632398,0.0,-0.002699633699633698,0.0026996336996336634
12,36,10,300,50,0.003003003003003003,0.006006006006006006,0.003003003003,0.734180012782,0.0,-0.014839438339438342,0.014839438339438349
12,36,10,300,150,0.0,0.0,0.0,0.376192237172,0.0,-0.03951953601953602,0.03951953601953606
12,36,10,300,300,0.0,0.0,0.0,0.373222108398,0.0,-0.03944322344322345,0.039443223443223374
12,36,10,500,50,0.005,0.005,0.0,0.481763269421,0.0,-0.050107448107448105,0.05010744810744816
12,36,10,500,150,0.0,0.0,0.0,0.872242618494,0.0,-0.006427350427350424,0.006427350427350431
12,36,10,500,300,0.0,0.0,0.0,0.873164421064,0.0,-0.006548229548229548,0.006548229548229534
12,36,16,100,50,0.0,0.0,0.0,0.802768099658,0.0,-0.0045934065934065925,0.004593406593406568
12,36,16,100,150,0.0,0.0,0.0,0.166607348107,0.0,-0.022857753357753356,0.02285775335775342
12,36,16,100,300,0.0,0.0,0.0,0.166607348107,0.0,-0.022857753357753356,0.02285775335775342
12,36,16,300,50,0.0018796992481203006,0.0018796992481203006,0.0,0.835645816221,0.0,-0.0056477411477411435,0.005647741147741248
12,36,16,300,150,0.0,0.0,0.0,0.848319372884,0.0,-0.00545360195360195,0.005453601953602005
12,36,16,300,300,0.0,0.0,0.0,0.450078166484,0.0,-0.02292857142857143,0.02292857142857141
12,36,16,500,50,0.0,0.0,0.0,0.883635527011,0.0,-0.006974969474969478,0.006974969474969561
12,36,16,500,150,0.0,0.0,0.0,0.863013051296,0.0,-0.007977411477411475,0.007977411477411489
12,36,16,500,300,0.0,0.0,0.0,0.88420879901,0.0,-0.007125152625152627,0.007125152625152675
13,36,4,100,50,0.0,0.0,0.0,0.15412791043,0.0,-0.18673260073260073,0.18673260073260067
13,36,4,100,150,0.0,0.0,0.0,0.153937190451,0.0,-0.18693772893772895,0.18693772893772886
13,36,4,100,300,0.0,0.0,0.0,0.153937190451,0.0,-0.18693772893772895,0.18693772893772886
13,36,4,300,50,0.0,0.0,0.0,0.25963368163,0.0,-0.12406593406593405,0.12406593406593402
13,36,4,300,150,0.0,0.0,0.0,0.851259905431,0.0,-0.007241758241758239,0.007241758241758212
13,36,4,300,300,0.0,0.0,0.0,0.867718492709,0.0,-0.006037240537240536,0.006037240537240529
13,36,4,500,50,0.0125,0.0125,0.0,1.011222938244,0.0,-0.008849206349206384,0.008849206349206273
13,36,4,500,150,0.0,0.0,0.0,0.882608794823,0.0,-0.006970085470085471,0.006970085470085374
13,36,4,500,300,0.0,0.0,0.0,0.884725058899,0.0,-0.0073290598290598336,0.007329059829059736
13,36,10,100,50,0.0,0.0,0.0,0.937790799154,0.0,-0.0015982905982905964,0.0015982905982905304
13,36,10,100,150,0.0,0.0,0.0,0.950941697782,0.0,-0.0014090354090354092,0.001409035409035475
13,36,10,100,300,0.0,0.0,0.0,0.950868481334,0.0,-0.0014847374847374861,0.0014847374847375416
13,36,10,300,50,0.0,0.0,0.0,0.819376576151,0.0,-0.00588034188034188,0.005880341880341922
13,36,10,300,150,0.0,0.0,0.0,0.884297305648,0.0,-0.003681318681318678,0.0036813186813187126
13,36,10,300,300,0.0,0.0,0.0,0.891659325859,0.0,-0.0034658119658119643,0.0034658119658119713
13,36,10,500,50,0.005,0.005,0.0,0.367930209221,0.0,-0.08591575091575092,0.08591575091575099
13,36,10,500,150,0.0,0.0,0.0,0.917984226062,0.0,-0.003712454212454218,0.0037124542124541415
13,36,10,500,300,0.0,0.0,0.0,0.909547954202,0.0,-0.004344932844932849,0.0043449328449327584
13,36,16,100,50,0.0,0.0,0.0,0.035818825952,1.4652014652005718e-05,-0.09251119999235723,0.09251119999235724
13,36,16,100,150,0.0,0.0,0.0,0.034505197682,1.4652014652005718e-05,-0.09280057755903556,0.09280057755903559
13,36,16,100,300,0.0,0.0,0.0,0.033659145836,1.4652014652005718e-05,-0.09281400857246658,0.09281400857246658
13,36,16,300,50,0.0,0.0,0.0,0.932801018676,0.0,-0.0014841269841269836,0.0014841269841270321
13,36,16,300,150,0.0,0.0,0.0,0.887965465609,0.0,-0.0033046398046398043,0.0033046398046397973
13,36,16,300,300,0.0,0.0,0.0,0.457098625341,0.0,-0.02268315018315018,0.022683150183150258
13,36,16,500,50,0.003125,0.00625,0.003125,0.893256031172,0.0,-0.005286935286935288,0.005286935286935246
13,36,16,500,150,0.0,0.0,0.0,0.856676577759,0.0,-0.006959706959706956,0.006959706959706935
13,36,16,500,300,0.0,0.0,0.0,0.557183591508,0.0,-0.026227716727716725,0.026227716727716732
14,36,4,100,50,0.0025,0.0025,0.0,0.175330866575,0.0,-0.10512515262515262,0.10512515262515265
14,36,4,100,150,0.0,0.0,0.0,0.912618597639,0.0,-0.0019627594627594606,0.001962759462759478
14,36,4,100,300,0.0,0.0,0.0,0.827065841123,0.0,-0.004363858363858362,0.004363858363858442
14,36,4,300,50,0.029850746268656716,0.014925373134328358,-0.014925373134,0.484298843077,0.0,-0.13635347985347984,0.1363534798534798
14,36,4,300,150,0.0,0.007462686567164179,0.007462686567,0.703454119004,0.0,-0.017563492063492066,0.01756349206349206
14,36,4,300,300,0.0,0.0,0.0,0.209426527464,0.0,-0.18655982905982907,0.18655982905982904
14,36,4,500,50,0.1,0.075,-0.025,1.034861206116,0.0,-0.008736874236874248,0.008736874236874193
14,36,4,500,150,0.0,0.0,0.0,0.412626203862,0.0,-0.10542735042735044,0.10542735042735041
14,36,4,500,300,0.0,0.0,0.0,0.740207733925,0.0,-0.02400915750915751,0.02400915750915744
14,36,10,100,50,0.0,0.0,0.0,0.90449715997,0.0,-0.002919413919413919,0.002919413919413971
14,36,10,100,150,0.0,0.0,0.0,0.957729019188,0.0,-0.0015323565323565325,0.0015323565323565047
14,36,10,100,300,0.0,0.0,0.0,0.973954777224,0.0,-0.001393772893772894,0.0013937728937729599
14,36,10,300,50,0.0029850746268656717,0.0029850746268656717,0.0,0.386815448875,0.0,-0.055899877899877895,0.055899877899877826
14,36,10,300,150,0.0,0.0,0.0,0.976134276003,0.0,-0.0011739926739926729,0.001173992673992652
14,36,10,300,300,0.0,0.0,0.0,0.987965145065,0.0,-0.000889499389499393,0.0008894993894993375
14,36,10,500,50,0.01,0.0,-0.01,0.912264841182,0.0,-0.004990842490842487,0.004990842490842473
14,36,10,500,150,0.0,0.0,0.0,0.888091910109,0.0,-0.0061526251526251435,0.006152625152625157
14,36,10,500,300,0.0,0.0,0.0,0.885476829587,0.0,-0.00653968253968254,0.006539682539682512
14,36,16,100,50,0.0,0.0,0.0,0.193837082419,0.0,-0.023974969474969476,0.023974969474969576
14,36,16,100,150,0.0,0.0,0.0,0.181763884287,0.0,-0.023943223443223444,0.023943223443223527
14,36,16,100,300,0.0,0.0,0.0,0.177825948753,0.0,-0.024265567765567767,0.024265567765567764
14,36,16,300,50,0.0018656716417910447,0.0018656716417910447,0.0,0.895824598757,0.0,-0.0040750915750915745,0.004075091575091561
14,36,16,300,150,0.0,0.0,0.0,0.409184829796,0.0,-0.026017094017094018,0.026017094017093956
14,36,16,300,300,0.0,0.0,0.0,0.399385918316,0.0,-0.026504273504273507,0.026504273504273534
14,36,16,500,50,0.0,0.0,0.0,0.943793156325,0.0,-0.003279609279609276,0.0032796092796092413
14,36,16,500,150,0.0,0.0,0.0,0.767461278861,0.0,-0.01472405372405372,0.01472405372405372
14,36,16,500,300,0.0,0.0,0.0,0.584572715324,0.0,-0.026006105006105,0.026006105006105007
15,36,4,100,50,0.0025,0.0025,0.0,0.908075047765,0.0,-0.0016275946275946251,0.0016275946275945419
15,36,4,100,150,0.0,0.0,0.0,0.425506867348,0.0,-0.029336996336996338,0.02933699633699627
15,36,4,100,300,0.0,0.0,0.0,0.431947493963,0.0,-0.02845909645909646,0.0284590964590965
15,36,4,300,50,0.014925373134328358,0.014925373134328358,0.0,0.57581072039,0.0,-0.05218192918192918,0.05218192918192921
15,36,4,300,150,0.0,0.007462686567164179,0.007462686567,0.901067547905,0.0,-0.0039902319902319905,0.003990231990232074
15,36,4,300,300,0.0,0.0,0.0,0.929066658606,0.0,-0.0027948717948717977,0.0027948717948718116
15,36,4,500,50,0.25,0.25,0.0,1.004110801321,0.0,-0.0020311355311355417,0.0020311355311355417
15,36,4,500,150,0.0,0.0,0.0,0.797192023723,0.0,-0.013235653235653233,0.013235653235653233
15,36,4,500,300,0.0,0.0,0.0,0.796752209156,0.0,-0.012735653235653233,0.012735653235653177
15,36,10,100,50,0.0,0.0,0.0,0.931269214995,0.0,-0.0013730158730158731,0.0013730158730159703
15,36,10,100,150,0.0,0.0,0.0,0.941256475259,0.0,-0.001388888888888891,0.001388888888888884
15,36,10,100,300,0.0,0.0,0.0,0.942409668939,0.0,-0.001376678876678878,0.0013766788766788052
15,36,10,300,50,0.003003003003003003,0.003003003003003003,0.0,0.339573218435,0.0,-0.05721978021978022,0.057219780219780136
15,36,10,300,150,0.0,0.0,0.0,0.913229918805,0.0,-0.003059218559218556,0.003059218559218646
15,36,10,300,300,0.0,0.0,0.0,0.929423796524,0.0,-0.002843711843711842,0.0028437118437117936
15,36,10,500,50,0.005,0.0,-0.005,0.51240561152,0.0,-0.06491452991452991,0.06491452991452995
15,36,10,500,150,0.0,0.0,0.0,0.874336373467,0.0,-0.0101013431013431,0.010101343101343141
15,36,10,500,300,0.0,0.0,0.0,0.943103405289,0.0,-0.0033748473748473756,0.0033748473748472785
15,36,16,100,50,0.0,0.0,0.0,0.768744083039,0.0,-0.00626190476190476,0.006261904761904802
15,36,16,100,150,0.0,0.0,0.0,0.17484454051,0.0,-0.02496947496947497,0.024969474969474992
15,36,16,100,300,0.0,0.0,0.0,0.161748508924,0.0,-0.02526007326007326,0.02526007326007329
15,36,16,300,50,0.001869158878504673,0.001869158878504673,0.0,0.89460467324,0.0,-0.003385836385836387,0.0033858363858364493
15,36,16,300,150,0.0,0.0,0.0,0.879955533963,0.0,-0.0034249084249084252,0.0034249084249085016
15,36,16,300,300,0.0,0.0,0.0,0.438754250183,0.0,-0.022612332112332115,0.022612332112332045
15,36,16,500,50,0.0,0.0,0.0,0.488502839414,0.0,-0.03703663003663003,0.03703663003663005
15,36,16,500,150,0.0,0.0,0.0,0.74159410466,0.0,-0.01401831501831502,0.014018315018315075
15,36,16,500,300,0.0,0.0,0.0,0.547999792148,0.0,-0.026463369963369968,0.026463369963369954
16,36,4,100,50,0.0,0.0,0.0,0.1799327442,0.0,-0.10558119658119658,0.10558119658119658
16,36,4,100,150,0.0,0.0,0.0,0.838673499292,0.0,-0.003405372405372406,0.00340537240537242
16,36,4,100,300,0.0,0.0,0.0,0.893123508314,0.0,-0.0026599511599511606,0.0026599511599511017
16,36,4,300,50,0.0,0.0,0.0,0.607221716546,0.0,-0.1391935286935287,0.13919352869352863
16,36,4,300,150,0.0,0.0,0.0,0.707649113867,0.0,-0.013409645909645912,0.013409645909645884
16,36,4,300,300,0.0,0.0,0.0,0.708292827595,0.0,-0.013604395604395608,0.013604395604395525
16,36,4,500,50,0.2,0.375,0.175,0.9991674261,0.0,-0.0012399267399266778,0.0012399267399267333
16,36,4,500,150,0.0,0.0,0.0,0.553053639874,0.0,-0.036628205128205124,0.03662820512820508
16,36,4,500,300,0.0,0.0,0.0,0.86128412738,0.0,-0.007368131868131865,0.0073681318681319
16,36,10,100,50,0.0,0.0,0.0,0.930316202872,0.0,-0.0017063492063492045,0.001706349206349267
16,36,10,100,150,0.0,0.0,0.0,0.958187257093,0.0,-0.0008431013431013414,0.0008431013431013934
16,36,10,100,300,0.0,0.0,0.0,0.96351107109,0.0,-0.0006221001221001221,0.0006221001221001776
16,36,10,300,50,0.0,0.0,0.0,0.929476003449,0.0,-0.0020091575091575123,0.002009157509157533
16,36,10,300,150,0.0,0.0,0.0,0.935983135447,0.0,-0.001903540903540904,0.0019035409035409456
16,36,10,300,300,0.0,0.0,0.0,0.93753815713,0.0,-0.0018840048840048848,0.001884004884004864
16,36,10,500,50,0.0,0.0,0.0,0.862354055612,0.0,-0.006053113553113554,0.006053113553113554
16,36,10,500,150,0.0,0.0,0.0,0.957128657571,0.0,-0.002282661782661781,0.002282661782661788
16,36,10,500,300,0.0,0.0,0.0,0.947895431805,0.0,-0.002237484737484738,0.0022374847374847517
16,36,16,100,50,0.0,0.0,0.0,0.773376447067,0.0,-0.004744200244200244,0.004744200244200192
16,36,16,100,150,0.0,0.0,0.0,0.136739013375,0.0,-0.02144932844932845,0.021449328449328453
16,36,16,100,300,0.0,0.0,0.0,0.136208429953,0.0,-0.02159035409035409,0.021590354090354036
16,36,16,300,50,0.0,0.0,0.0,0.888933523495,0.0,-0.004072039072039069,0.004072039072039013
16,36,16,300,150,0.0,0.0,0.0,0.413630015664,0.0,-0.023187423687423686,0.02318742368742366
16,36,16,300,300,0.0,0.0,0.0,0.416681322118,0.0,-0.02296031746031746,0.02296031746031746
16,36,16,500,50,0.0,0.0,0.0,0.82387403736,0.0,-0.009158730158730158,0.009158730158730144
16,36,16,500,150,0.0,0.0,0.0,0.922847948472,0.0,-0.0034120879120879133,0.0034120879120879133
16,36,16,500,300,0.0,0.0,0.0,0.871596053161,0.0,-0.006985958485958489,0.00698595848595851
7,48,4,100,50,0.0,0.0,0.0,0.132398141755,0.0,-0.21345787545787542,0.21345787545787553
7,48,4,100,150,0.0,0.0,0.0,0.134576420248,0.0,-0.20844993894993893,0.2084499389499389
7,48,4,100,300,0.0,0.0,0.0,0.13492423179,0.0,-0.20782478632478632,0.2078247863247863
7,48,4,300,50,0.007575757575757576,0.007575757575757576,0.0,1.016597178753,1.2210012210189802e-06,-0.011283282807898254,0.011283282807898198
7,48,4,300,150,0.0,0.0,0.0,0.158281406126,0.0,-0.2782271062271062,0.2782271062271062
7,48,4,300,300,0.0,0.0,0.0,0.189106732684,0.0,-0.20594871794871794,0.20594871794871794
7,48,4,500,50,0.1875,0.425,0.2375,1.003652371178,7.753357753359502e-05,0.0021919794463699516,-0.0021919794463698405
7,48,4,500,150,0.0,0.0,0.0,0.342545848968,-1.4652014652005718e-05,-0.24791564996922585,0.24791564996922577
7,48,4,500,300,0.0,0.0,0.0,0.291562881784,0.0,-0.20646581196581193,0.20646581196581204
7,48,10,100,50,0.0,0.0,0.0,0.405351538393,0.0,-0.058007326007326006,0.058007326007326054
7,48,10,100,150,0.0,0.0,0.0,0.409164387361,0.0,-0.057020757020757026,0.05702075702075704
7,48,10,100,300,0.0,0.0,0.0,0.40820557383,0.0,-0.05693711843711844,0.05693711843711846
7,48,10,300,50,0.0,0.0,0.0,0.24643413363,0.0,-0.13095115995115994,0.1309511599511599
7,48,10,300,150,0.0,0.0,0.0,0.241047717755,0.0,-0.1266141636141636,0.12661416361416356
7,48,10,300,300,0.0,0.0,0.0,0.242244167034,0.0,-0.12589255189255188,0.12589255189255188
7,48,10,500,50,0.0,0.005,0.005,0.615467326427,0.0,-0.05139377289377289,0.05139377289377289
7,48,10,500,150,0.0,0.0,0.0,0.941504345879,0.0,-0.0037924297924297884,0.0037924297924298855
7,48,10,500,300,0.0,0.0,0.0,0.932309854789,0.0,-0.00448595848595848,0.004485958485958452
7,48,16,100,50,0.0,0.0,0.0,0.558929230916,0.0,-0.013829059829059825,0.013829059829059909
7,48,16,100,150,0.0,0.0,0.0,0.170001176194,0.0,-0.028853479853479854,0.028853479853479858
7,48,16,100,300,0.0,0.0,0.0,0.175053902148,0.0,-0.028316239316239316,0.028316239316239278
7,48,16,300,50,0.0,0.0,0.0,0.800790700692,1.831501831506266e-05,-0.007768393797817415,0.007768393797817352
7,48,16,300,150,0.0,0.0,0.0,0.761888651063,1.831501831506266e-05,-0.010625493717867203,0.010625493717867251
7,48,16,300,300,0.0,0.0,0.0,0.423588782625,1.831501831506266e-05,-0.030414260506633994,0.030414260506633983
7,48,16,500,50,0.0,0.0,0.0,0.622050950192,1.8315018314951637e-05,-0.021064808525760648,0.021064808525760648
7,48,16,500,150,0.0,0.0,0.0,0.481938794507,8.485958485959788e-05,-0.0377639654258643,0.037763965425864354
7,48,16,500,300,0.0,0.0,0.0,0.855958737927,3.5409035408995315e-05,-0.009958648212036292,0.009958648212036292
8,48,4,100,50,0.0,0.0,0.0,0.185967422399,0.0,-0.17195909645909646,0.17195909645909646
8,48,4,100,150,0.0,0.0,0.0,0.224007373121,0.0,-0.07276190476190478,0.0727619047619047
8,48,4,100,300,0.0,0.0,0.0,0.224600686715,0.0,-0.0723992673992674,0.07239926739926739
8,48,4,300,50,0.014814814814814815,0.2518518518518518,0.237037037037,1.037990859248,0.0,-0.023368742368742368,0.023368742368742423
8,48,4,300,150,0.0,0.007407407407407408,0.007407407407,0.249682842544,0.0,-0.13583455433455435,0.13583455433455427
8,48,4,300,300,0.0,0.0,0.0,0.245156822483,0.0,-0.13537118437118437,0.13537118437118434
8,48,4,500,50,0.1125,0.2125,0.1,1.001406206388,0.0,-0.012219169719169698,0.012219169719169753
8,48,4,500,150,0.0,0.0,0.0,0.26839804379,0.0,-0.19952930402930402,0.19952930402930402
8,48,4,500,300,0.0,0.0,0.0,0.266382780443,0.0,-0.14934188034188034,0.14934188034188034
8,48,10,100,50,0.0,0.0,0.0,0.932693591713,0.0,-0.0030146520146520153,0.0030146520146520084
8,48,10,100,150,0.0,0.0,0.0,0.922447366007,0.0,-0.0025561660561660565,0.0025561660561660426
8,48,10,100,300,0.0,0.0,0.0,0.926370248104,0.0,-0.002595238095238095,0.002595238095238095
8,48,10,300,50,0.0029940119760479044,0.0029940119760479044,0.0,0.651877579483,0.0,-0.022092185592185593,0.02209218559218551
8,48,10,300,150,0.0,0.0,0.0,0.90836768394,0.0,-0.004050671550671549,0.004050671550671514
8,48,10,300,300,0.0,0.0,0.0,0.928746837193,0.0,-0.0035818070818070813,0.003581807081806998
8,48,10,500,50,0.005,0.005,0.0,0.395595807893,0.0,-0.12393894993894994,0.12393894993894994
8,48,10,500,150,0.0,0.0,0.0,0.881339879081,0.0,-0.009680097680097685,0.009680097680097699
8,48,10,500,300,0.0,0.0,0.0,0.823336485246,0.0,-0.01383028083028083,0.013830280830280817
8,48,16,100,50,0.0,0.0,0.0,0.812875042344,0.0,-0.0062197802197802195,0.006219780219780202
8,48,16,100,150,0.0,0.0,0.0,0.16690700454,0.0,-0.030266178266178268,0.03026617826617828
8,48,16,100,300,0.0,0.0,0.0,0.158891943586,0.0,-0.030645299145299145,0.03064529914529912
8,48,16,300,50,0.001869158878504673,0.001869158878504673,0.0,0.880092998025,0.0,-0.0056520146520146475,0.005652014652014703
8,48,16,300,150,0.0,0.0,0.0,0.380007416445,0.0,-0.032665445665445665,0.032665445665445714
8,48,16,300,300,0.0,0.0,0.0,0.8465920338,0.0,-0.00855006105006105,0.008550061050061064
8,48,16,500,50,0.003125,0.003125,0.0,0.894613822878,0.0,-0.005843711843711838,0.005843711843711907
8,48,16,500,150,0.0,0.0,0.0,0.847384561171,0.0,-0.011719169719169711,0.011719169719169753
8,48,16,500,300,0.0,0.0,0.0,0.811000378816,0.0,-0.0141037851037851,0.014103785103785071
9,48,4,100,50,0.0,0.0,0.0,0.106408857344,3.0525030525474506e-06,-0.2450753417133855,0.2450753417133854
9,48,4,100,150,0.0,0.0,0.0,0.161351093052,0.0,-0.14787545787545786,0.14787545787545797
9,48,4,100,300,0.0,0.0,0.0,0.16354610763,0.0,-0.1447948717948718,0.14479487179487172
9,48,4,300,50,0.007462686567164179,0.04477611940298507,0.037313432836,0.504472102919,0.0002936507936508459,-0.15821298251335303,0.15821298251335303
9,48,4,300,150,0.0,0.0,0.0,0.174854273287,0.00023199023199027557,-0.1568454270252734,0.15684542702527338
9,48,4,300,300,0.0,0.0,0.0,0.91245232666,3.6630036630569407e-06,-0.005180304790393109,0.005180304790393109
9,48,4,500,50,0.1375,0.2125,0.075,1.065428879532,-6.715506715493369e-06,0.003940617225448473,-0.003940617225448417
9,48,4,500,150,0.0,0.0,0.0,0.329878815567,3.0525030525474506e-06,-0.17098244516348815,0.17098244516348815
9,48,4,500,300,0.0,0.0,0.0,0.35425608391,3.0525030525474506e-06,-0.15404466471880598,0.15404466471880596
9,48,10,100,50,0.0,0.0,0.0,0.148618766329,5.0671550671510524e-05,-0.1294754963128409,0.12947549631284094
9,48,10,100,150,0.0,0.0,0.0,0.15113403832,3.296703296706838e-05,-0.12659994449896864,0.1265999444989686
9,48,10,100,300,0.0,0.0,0.0,0.150648749306,0.0,-0.12612942612942613,0.12612942612942613
9,48,10,300,50,0.003003003003003003,0.003003003003003003,0.0,0.207489239491,0.0009120879120879666,-0.14153433472167043,0.14153433472167043
9,48,10,300,150,0.0,0.0,0.0,0.267365078034,0.0,-0.1248962148962149,0.12489621489621494
9,48,10,300,300,0.0,0.0,0.0,0.258008489995,0.0,-0.12505494505494508,0.12505494505494508
9,48,10,500,50,0.005,0.0,-0.005,0.294849086588,1.709401709404368e-05,-0.16212679465449975,0.16212679465449986
9,48,10,500,150,0.0,0.0,0.0,0.228201144361,6.105006105094901e-07,-0.1964580382264572,0.19645803822645713
9,48,10,500,300,0.0,0.0,0.0,0.240730514823,6.105006105094901e-07,-0.18033409698471248,0.18033409698471248
9,48,16,100,50,0.0,0.0,0.0,0.874454133186,0.0,-0.0036733821733821725,0.0036733821733820893
9,48,16,100,150,0.0,0.0,0.0,0.179363235252,0.0,-0.029109279609279608,0.02910927960927967
9,48,16,100,300,0.0,0.0,0.0,0.179863352723,0.0,-0.02908974358974359,0.02908974358974359
9,48,16,300,50,0.0018726591760299626,0.0018726591760299626,0.0,0.909351509863,-2.4420024420379605e-06,-0.003490116802872145,0.003490116802872145
9,48,16,300,150,0.0,0.0,0.0,0.420997329634,0.0,-0.029666666666666664,0.02966666666666662
9,48,16,300,300,0.0,0.0,0.0,0.440035918644,0.0,-0.029228327228327227,0.029228327228327244
9,48,16,500,50,0.0,0.0,0.0,0.337935334356,1.2210012210189802e-06,-0.06432250496619744,0.06432250496619751
9,48,16,500,150,0.0,0.0,0.0,0.87021815636,1.2210012210189802e-06,-0.007512907816005263,0.007512907816005221
9,48,16,500,300,0.0,0.0,0.0,0.85637677512,1.2210012210189802e-06,-0.008241845540470444,0.008241845540470472
10,48,4,100,50,0.0025,0.0,-0.0025,0.138681815583,3.6630036630569407e-06,-0.21735931077064194,0.21735931077064197
10,48,4,100,150,0.0,0.0,0.0,0.85695955454,0.0,-0.004095238095238096,0.004095238095238041
10,48,4,100,300,0.0,0.0,0.0,0.908199170975,0.0,-0.0029224664224664215,0.0029224664224664076
10,48,4,300,50,0.022556390977443608,0.19548872180451127,0.172932330827,0.98982938785,-1.1599511599458268e-05,-0.08809705310926202,0.08809705310926208
10,48,4,300,150,0.0,0.007518796992481203,0.007518796992,0.383023790283,0.0,-0.08406959706959707,0.08406959706959705
10,48,4,300,300,0.0,0.0,0.0,0.300119637762,0.00010500610500607799,-0.07313247068991874,0.0731324706899188
10,48,4,500,50,0.5375,0.675,0.1375,1.004050428988,-1.5262515262515208e-05,-0.0038300670977640117,0.0038300670977640117
10,48,4,500,150,0.0,0.0,0.0,0.299901055281,0.0,-0.21597374847374845,0.2159737484737485
10,48,4,500,300,0.0,0.0,0.0,0.373868865061,2.5641025641065518e-05,-0.07478309839571667,0.07478309839571662
10,48,10,100,50,0.0,0.0,0.0,0.279165676705,0.0,-0.06975885225885226,0.06975885225885226
10,48,10,100,150,0.0,0.0,0.0,0.301922970375,0.0,-0.06305189255189254,0.06305189255189247
10,48,10,100,300,0.0,0.0,0.0,0.299058639837,0.0,-0.06252136752136751,0.0625213675213675
10,48,10,300,50,0.003003003003003003,0.003003003003003003,0.0,0.343392330097,0.0,-0.07910866910866912,0.0791086691086691
10,48,10,300,150,0.0,0.0,0.0,0.931457397435,0.0,-0.003142246642246639,0.0031422466422466044
10,48,10,300,300,0.0,0.0,0.0,0.254165582306,0.0,-0.09454456654456656,0.09454456654456656
10,48,10,500,50,0.0,0.0,0.0,0.457409181881,0.0,-0.05854395604395604,0.058543956043956125
10,48,10,500,150,0.0,0.0,0.0,0.566118785582,0.0,-0.03459768009768009,0.03459768009768016
10,48,10,500,300,0.0,0.0,0.0,0.563553547097,0.0,-0.035175213675213673,0.0351752136752137
10,48,16,100,50,0.0,0.0,0.0,0.845821318744,0.0,-0.005356532356532353,0.005356532356532329
10,48,16,100,150,0.0,0.0,0.0,0.187435118062,0.0,-0.030061050061050063,0.030061050061050087
10,48,16,100,300,0.0,0.0,0.0,0.183986093362,0.0,-0.02981074481074481,0.02981074481074475
10,48,16,300,50,0.0018796992481203006,0.0018796992481203006,0.0,0.93393260327,1.8315018315284703e-06,-0.002895093387767368,0.002895093387767278
10,48,16,300,150,0.0,0.0,0.0,0.834500972753,0.0,-0.007822954822954822,0.007822954822954808
10,48,16,300,300,0.0,0.0,0.0,0.805006666757,0.0,-0.009586691086691086,0.00958669108669108
10,48,16,500,50,0.00625,0.0,-0.00625,0.923612146855,2.4420024420379605e-06,-0.003150964785192209,0.0031509647851921674
10,48,16,500,150,0.0,0.0,0.0,0.921365585294,2.4420024420379605e-06,-0.0043048086103343874,0.004304808610334332
10,48,16,500,300,0.0,0.0,0.0,0.802295871597,2.4420024420379605e-06,-0.014022146827672603,0.014022146827672555
11,48,4,100,50,0.0,0.0,0.0,0.10495589042,0.0,-0.2841630036630037,0.2841630036630036
11,48,4,100,150,0.0,0.0,0.0,0.105704641397,0.0,-0.281484126984127,0.28148412698412695
11,48,4,100,300,0.0,0.0,0.0,0.105407659283,0.0,-0.2811196581196581,0.2811196581196581
11,48,4,300,50,0.0,0.0,0.0,0.303980194394,0.0,-0.13769658119658118,0.13769658119658112
11,48,4,300,150,0.0,0.0,0.0,0.29706171165,0.0,-0.13205494505494506,0.13205494505494508
11,48,4,300,300,0.0,0.0,0.0,0.294775778455,0.0,-0.1324737484737485,0.1324737484737485
11,48,4,500,50,0.0,0.0,0.0,1.006288474882,0.0,-0.00759462759462759,0.00759462759462759
11,48,4,500,150,0.0,0.0,0.0,0.38135689855,1.58730158730247e-05,-0.07511548063024276,0.07511548063024276
11,48,4,500,300,0.0,0.0,0.0,0.380966116839,1.4041514041496228e-05,-0.07496561322531896,0.07496561322531903
11,48,10,100,50,0.0,0.0,0.0,0.697321724429,0.0,-0.02251098901098901,0.022510989010989024
11,48,10,100,150,0.0,0.0,0.0,0.703359226907,0.0,-0.02309096459096459,0.023090964590964602
11,48,10,100,300,0.0,0.0,0.0,0.707532574001,0.0,-0.02275824175824176,0.022758241758241815
11,48,10,300,50,0.0,0.0,0.0,0.896809592586,0.0,-0.004597069597069597,0.004597069597069625
11,48,10,300,150,0.0,0.0,0.0,0.966195951498,0.0,-0.002043345543345537,0.0020433455433456205
11,48,10,300,300,0.0,0.0,0.0,0.962191142191,0.0,-0.0019108669108669138,0.0019108669108669485
11,48,10,500,50,0.0,0.0,0.0,0.684365332075,0.0,-0.0238992673992674,0.0238992673992674
11,48,10,500,150,0.0,0.0,0.0,0.890159482829,0.0,-0.007428571428571423,0.007428571428571451
11,48,10,500,300,0.0,0.0,0.0,0.889087226348,0.0,-0.007559829059829062,0.007559829059829104
11,48,16,100,50,0.0,0.0,0.0,0.768575630324,0.0,-0.008460317460317463,0.008460317460317501
11,48,16,100,150,0.0,0.0,0.0,0.173665806497,0.0,-0.03051037851037851,0.030510378510378522
11,48,16,100,300,0.0,0.0,0.0,0.173665806497,0.0,-0.03051037851037851,0.030510378510378522
11,48,16,300,50,0.0,0.0,0.0,0.929136994777,0.0,-0.0028278388278388314,0.00282783882783888
11,48,16,300,150,0.0,0.0,0.0,0.464750068937,0.0,-0.029620268620268623,0.029620268620268564
11,48,16,300,300,0.0,0.0,0.0,0.467213712869,0.0,-0.029581196581196584,0.02958119658119651
11,48,16,500,50,0.0,0.0,0.0,0.940446756194,0.0,-0.00476556776556776,0.004765567765567802
11,48,16,500,150,0.0,0.0,0.0,0.817276912278,0.0,-0.014604395604395609,0.014604395604395637
11,48,16,500,300,0.0,0.0,0.0,0.585005654394,0.0,-0.03238400488400489,0.03238400488400495
12,48,4,100,50,0.0,0.0,0.0,0.176911414489,0.0,-0.11563675213675215,0.11563675213675206
12,48,4,100,150,0.0,0.0,0.0,0.239598953601,0.0,-0.0717106227106227,0.07171062271062267
12,48,4,100,300,0.0,0.0,0.0,0.242756962179,0.0,-0.07068986568986568,0.07068986568986568
12,48,4,300,50,0.014925373134328358,0.11194029850746269,0.097014925373,0.942572511407,0.0,-0.020758241758241758,0.020758241758241702
12,48,4,300,150,0.0,0.0,0.0,0.369090431911,0.0,-0.07566300366300367,0.07566300366300371
12,48,4,300,300,0.0,0.0,0.0,0.377300603618,0.0,-0.0725177045177045,0.07251770451770456
12,48,4,500,50,0.325,0.4875,0.1625,1.004938902607,6.105006105094901e-07,-0.004802592122472027,0.0048025921224720824
12,48,4,500,150,0.0,0.0,0.0,0.244603652471,0.0,-0.25101648351648354,0.25101648351648354
12,48,4,500,300,0.0,0.0,0.0,0.253491896871,0.0,-0.15463431013431014,0.15463431013431006
12,48,10,100,50,0.0,0.0,0.0,0.870118133856,0.0,-0.005632478632478628,0.005632478632478732
12,48,10,100,150,0.0,0.0,0.0,0.94261030255,0.0,-0.0020866910866910865,0.002086691086691128
12,48,10,100,300,0.0,0.0,0.0,0.946669463056,0.0,-0.001777777777777774,0.001777777777777878
12,48,10,300,50,0.003003003003003003,0.003003003003003003,0.0,0.418797175318,0.0,-0.06657142857142857,0.06657142857142861
12,48,10,300,150,0.0,0.0,0.0,0.841397063369,0.0,-0.006905982905982912,0.006905982905982877
12,48,10,300,300,0.0,0.0,0.0,0.858160883576,0.0,-0.006762515262515263,0.006762515262515256
12,48,10,500,50,0.0,0.0,0.0,0.33703840789,0.0,-0.1272057387057387,0.1272057387057387
12,48,10,500,150,0.0,0.0,0.0,0.507472573606,0.0,-0.06313003663003662,0.06313003663003658
12,48,10,500,300,0.0,0.0,0.0,0.506830502737,0.0,-0.06387484737484737,0.06387484737484739
12,48,16,100,50,0.0,0.0,0.0,0.831589045144,0.0,-0.007347374847374848,0.007347374847374799
12,48,16,100,150,0.0,0.0,0.0,0.179383069837,0.0,-0.02801526251526252,0.02801526251526254
12,48,16,100,300,0.0,0.0,0.0,0.17822966294,0.0,-0.027462759462759466,0.027462759462759445
12,48,16,300,50,0.0018796992481203006,0.0018796992481203006,0.0,0.812998658537,0.0,-0.010327228327228329,0.010327228327228322
12,48,16,300,150,0.0,0.0,0.0,0.7764877932,0.0,-0.012101343101343101,0.012101343101343143
12,48,16,300,300,0.0,0.0,0.0,0.389437289526,0.0,-0.03290964590964591,0.032909645909645846
12,48,16,500,50,0.0,0.0,0.0,0.934757822634,0.0,-0.005517704517704516,0.0055177045177045025
12,48,16,500,150,0.0,0.0,0.0,0.886073438813,0.0,-0.008465201465201466,0.008465201465201466
12,48,16,500,300,0.0,0.0,0.0,0.570348526975,0.0,-0.03144688644688645,0.031446886446886424
13,48,4,100,50,0.0,0.0,0.0,0.158781846141,2.9304029304011436e-05,-0.13913771447492582,0.13913771447492573
13,48,4,100,150,0.0,0.0,0.0,0.159667906649,2.9914529914520926e-05,-0.13800409031991173,0.1380040903199118
13,48,4,100,300,0.0,0.0,0.0,0.159565265638,1.2210012209967758e-05,-0.13701436581383833,0.1370143658138383
13,48,4,300,50,0.0,0.0,0.0,0.340125931043,6.105006104983879e-06,-0.07724937182718976,0.07724937182718983
13,48,4,300,150,0.0,0.0,0.0,0.33076345553,0.0,-0.0720970695970696,0.07209706959706963
13,48,4,300,300,0.0,0.0,0.0,0.332183531066,0.0,-0.07163064713064712,0.07163064713064715
13,48,4,500,50,0.0,0.0125,0.0125,1.001784175047,0.0,-0.007634310134310096,0.007634310134310152
13,48,4,500,150,0.0,0.0,0.0,0.337030670349,0.0,-0.13168070818070818,0.1316807081807082
13,48,4,500,300,0.0,0.0,0.0,0.33858758544,0.0,-0.13035042735042734,0.13035042735042734
13,48,10,100,50,0.0,0.0,0.0,0.165754041084,0.0,-0.12730402930402931,0.1273040293040293
13,48,10,100,150,0.0,0.0,0.0,0.1665349548,0.0,-0.12685958485958487,0.12685958485958482
13,48,10,100,300,0.0,0.0,0.0,0.1665349548,0.0,-0.12685958485958487,0.12685958485958482
13,48,10,300,50,0.0,0.0,0.0,0.343506199297,0.0,-0.06371672771672772,0.06371672771672776
13,48,10,300,150,0.0,0.0,0.0,0.34055062872,0.0,-0.06277838827838828,0.06277838827838833
13,48,10,300,300,0.0,0.0,0.0,0.338099960162,0.0,-0.06323076923076923,0.0632307692307692
13,48,10,500,50,0.0,0.0,0.0,0.894638662086,0.0,-0.007128205128205126,0.007128205128205112
13,48,10,500,150,0.0,0.0,0.0,0.915075324812,0.0,-0.004985958485958494,0.004985958485958508
13,48,10,500,300,0.0,0.0,0.0,0.899478810271,0.0,-0.006885836385836383,0.006885836385836397
13,48,16,100,50,0.0,0.0,0.0,0.820528751995,0.0,-0.00616727716727717,0.006167277167277163
13,48,16,100,150,0.0,0.0,0.0,0.186150053726,0.0,-0.031146520146520147,0.031146520146520196
13,48,16,100,300,0.0,0.0,0.0,0.169250492256,0.0,-0.0313992673992674,0.03139926739926746
13,48,16,300,50,0.0,0.0,0.0,0.878564849224,0.0,-0.0041965811965812005,0.004196581196581173
13,48,16,300,150,0.0,0.0,0.0,0.714274742085,0.0,-0.01526007326007326,0.015260073260073281
13,48,16,300,300,0.0,0.0,0.0,0.405275325978,0.0,-0.03217521367521368,0.03217521367521359
13,48,16,500,50,0.003125,0.0,-0.003125,0.923061069768,0.0,-0.005033577533577527,0.005033577533577471
13,48,16,500,150,0.0,0.0,0.0,0.894053008578,0.0,-0.007765567765567763,0.007765567765567694
13,48,16,500,300,0.0,0.0,0.0,0.558498253328,0.0,-0.033908424908424904,0.03390842490842494
14,48,4,100,50,0.0,0.0,0.0,0.114617106558,0.0,-0.28259523809523807,0.2825952380952381
14,48,4,100,150,0.0,0.0,0.0,0.207168306359,0.0,-0.07443345543345542,0.07443345543345548
14,48,4,100,300,0.0,0.0,0.0,0.197537144995,6.654456654453522e-05,-0.07389577315397378,0.07389577315397378
14,48,4,300,50,0.007462686567164179,0.007462686567164179,0.0,0.619843163209,0.0,-0.08045787545787547,0.08045787545787553
14,48,4,300,150,0.0,0.0,0.0,0.152055672149,0.0,-0.2781098901098901,0.27810989010989007
14,48,4,300,300,0.0,0.0,0.0,0.146855948636,0.0,-0.2787820512820513,0.27878205128205125
14,48,4,500,50,0.0625,0.0,-0.0625,1.007362747419,0.0,-0.011751526251526256,0.011751526251526312
14,48,4,500,150,0.0,0.0,0.0,0.410146025812,0.0,-0.1262057387057387,0.1262057387057387
14,48,4,500,300,0.0,0.0,0.0,0.51067103272,0.0,-0.07184371184371183,0.07184371184371185
14,48,10,100,50,0.0,0.0,0.0,0.948371484142,0.0,-0.0018632478632478605,0.0018632478632478744
14,48,10,100,150,0.0,0.0,0.0,0.95085833369,0.0,-0.0021178266178266195,0.002117826617826557
14,48,10,100,300,0.0,0.0,0.0,0.935723787183,0.0,-0.0026367521367521365,0.002636752136752074
14,48,10,300,50,0.0029850746268656717,0.0029850746268656717,0.0,0.93690255961,0.0,-0.0032802197802197786,0.003280219780219751
14,48,10,300,150,0.0,0.0,0.0,0.309789218531,0.0,-0.06281013431013431,0.06281013431013427
14,48,10,300,300,0.0,0.0,0.0,0.307968810014,0.0,-0.06304945054945055,0.06304945054945055
14,48,10,500,50,0.005,0.0,-0.005,0.545002482446,0.0,-0.056543956043956026,0.05654395604395601
14,48,10,500,150,0.0,0.0,0.0,0.47518011421,0.0,-0.06560500610500611,0.06560500610500608
14,48,10,500,300,0.0,0.0,0.0,0.475626598416,0.0,-0.0662051282051282,0.06620512820512814
14,48,16,100,50,0.0,0.0,0.0,0.836121435708,0.0,-0.008233821733821738,0.0082338217338217
14,48,16,100,150,0.0,0.0,0.0,0.159333528544,0.0,-0.03336630036630037,0.033366300366300394
14,48,16,100,300,0.0,0.0,0.0,0.170521796273,0.0,-0.03254945054945055,0.032549450549450576
14,48,16,300,50,0.0018656716417910447,0.0018656716417910447,0.0,0.855347560326,0.0,-0.006424297924297918,0.006424297924297884
14,48,16,300,150,0.0,0.0,0.0,0.822300625882,0.0,-0.008776556776556775,0.008776556776556754
14,48,16,300,300,0.0,0.0,0.0,0.378043680144,0.0,-0.03328327228327228,0.033283272283272325
14,48,16,500,50,0.0,0.0,0.0,0.94416765596,0.0,-0.004973748473748471,0.004973748473748429
14,48,16,500,150,0.0,0.0,0.0,0.85726735743,0.0,-0.012333943833943845,0.012333943833943928
14,48,16,500,300,0.0,0.0,0.0,0.572370552311,0.0,-0.03403968253968254,0.03403968253968259
15,48,4,100,50,0.0,0.0,0.0,0.195104397044,0.0,-0.1332826617826618,0.1332826617826618
15,48,4,100,150,0.0,0.0,0.0,0.256578962286,3.0525030525474506e-06,-0.1409242225059978,0.1409242225059978
15,48,4,100,300,0.0,0.0,0.0,0.26013335283,0.0,-0.1400250305250305,0.14002503052503057
15,48,4,300,50,0.007462686567164179,0.007462686567164179,0.0,0.449725012406,-2.0146520146480107e-05,-0.12291778565911926,0.12291778565911937
15,48,4,300,150,0.0,0.0,0.0,0.293487778344,0.0,-0.14111233211233212,0.1411123321123321
15,48,4,300,300,0.0,0.0,0.0,0.297212895519,0.0,-0.08025152625152625,0.0802515262515262
15,48,4,500,50,0.1125,0.25,0.1375,1.058698537654,-6.105006104983879e-06,-0.009238943671403599,0.009238943671403543
15,48,4,500,150,0.0,0.0,0.0,0.329924537138,0.0,-0.19416178266178263,0.19416178266178263
15,48,4,500,300,0.0,0.0,0.0,0.472953711507,0.0,-0.10524847374847374,0.10524847374847379
15,48,10,100,50,0.0,0.0,0.0,0.973521948297,0.0,-0.0006752136752136775,0.0006752136752137261
15,48,10,100,150,0.0,0.0,0.0,0.967312040799,0.0,-0.0014358974358974347,0.0014358974358973375
15,48,10,100,300,0.0,0.0,0.0,0.967308719071,0.0,-0.0012173382173382152,0.0012173382173382707
15,48,10,300,50,0.003003003003003003,0.003003003003003003,0.0,0.364781445489,0.0,-0.06407692307692309,0.06407692307692303
15,48,10,300,150,0.0,0.0,0.0,0.364722816452,0.0,-0.06257020757020756,0.06257020757020748
15,48,10,300,300,0.0,0.0,0.0,0.516034711275,0.0,-0.03116849816849817,0.031168498168498093
15,48,10,500,50,0.0,0.0,0.0,0.492641824419,0.0,-0.048949938949938945,0.04894993894993893
15,48,10,500,150,0.0,0.0,0.0,0.914846556246,0.0,-0.005882173382173381,0.005882173382173339
15,48,10,500,300,0.0,0.0,0.0,0.915728473444,0.0,-0.006503052503052512,0.006503052503052498
15,48,16,100,50,0.0,0.0,0.0,0.773342103431,0.0,-0.012674603174603172,0.012674603174603116
15,48,16,100,150,0.0,0.0,0.0,0.162784499428,0.0,-0.030208791208791212,0.030208791208791275
15,48,16,100,300,0.0,0.0,0.0,0.184151891447,0.0,-0.029254578754578753,0.02925457875457871
15,48,16,300,50,0.001869158878504673,0.001869158878504673,0.0,0.824769921373,1.8315018315284703e-06,-0.0068389201800096305,0.006838920180009644
15,48,16,300,150,0.0,0.0,0.0,0.391911005227,0.0,-0.02984676434676435,0.029846764346764365
15,48,16,300,300,0.0,0.0,0.0,0.415726417747,0.0,-0.02798046398046398,0.027980463980463943
15,48,16,500,50,0.0,0.0,0.0,0.918193536248,0.0,-0.005385836385836382,0.00538583638583634
15,48,16,500,150,0.0,0.0,0.0,0.596823840209,0.0,-0.02856288156288156,0.02856288156288156
15,48,16,500,300,0.0,0.0,0.0,0.578879191289,0.0,-0.029574481074481074,0.029574481074481018
16,48,4,100,50,0.0,0.0,0.0,0.204215761726,0.0,-0.14626862026862025,0.1462686202686202
16,48,4,100,150,0.0,0.0,0.0,0.213891353965,0.0,-0.14016422466422465,0.14016422466422473
16,48,4,100,300,0.0,0.0,0.0,0.215993092282,0.0,-0.13968009768009768,0.1396800976800977
16,48,4,300,50,0.0,0.0,0.0,1.11007329832,0.0,-0.015110500610500593,0.015110500610500566
16,48,4,300,150,0.0,0.0,0.0,0.539902069752,0.0,-0.06588461538461539,0.06588461538461543
16,48,4,300,300,0.0,0.0,0.0,0.539309350721,0.0,-0.0658876678876679,0.06588766788766787
16,48,4,500,50,0.0375,0.1875,0.15,1.03070733297,-6.715506715493369e-06,-0.008103219265060413,0.008103219265060413
16,48,4,500,150,0.0,0.0,0.0,0.208669014924,0.0,-0.2267399267399267,0.22673992673992682
16,48,4,500,300,0.0,0.0,0.0,0.219307704447,0.0,-0.20726556776556776,0.20726556776556782
16,48,10,100,50,0.0,0.0,0.0,0.238193433218,0.0,-0.12286507936507937,0.1228650793650794
16,48,10,100,150,0.0,0.0,0.0,0.24052315115,0.0,-0.12095299145299146,0.12095299145299143
16,48,10,100,300,0.0,0.0,0.0,0.240255071022,0.0,-0.12087973137973138,0.1208797313797314
16,48,10,300,50,0.0,0.0,0.0,0.283729295449,0.0,-0.12129365079365079,0.12129365079365084
16,48,10,300,150,0.0,0.0,0.0,0.280611645551,0.0,-0.12167277167277168,0.12167277167277168
16,48,10,300,300,0.0,0.0,0.0,0.280091844406,0.0,-0.12191208791208791,0.12191208791208796
16,48,10,500,50,0.0,0.0,0.0,0.3037750421,6.105006105094901e-07,-0.11060511134598329,0.11060511134598328
16,48,10,500,150,0.0,0.0,0.0,0.34399228465,3.0525030525474506e-06,-0.08466833323592501,0.08466833323592504
16,48,10,500,300,0.0,0.0,0.0,0.338728264669,3.0525030525474506e-06,-0.08521717148642904,0.08521717148642904
16,48,16,100,50,0.0,0.0,0.0,0.147740613811,0.0,-0.028862026862026862,0.02886202686202688
16,48,16,100,150,0.0,0.0,0.0,0.142996644849,0.0,-0.029043345543345544,0.029043345543345533
16,48,16,100,300,0.0,0.0,0.0,0.142996644849,0.0,-0.029043345543345544,0.029043345543345533
16,48,16,300,50,0.0,0.0,0.0,0.669710063811,0.0,-0.03629304029304029,0.03629304029304026
16,48,16,300,150,0.0,0.0,0.0,0.810777588865,0.0,-0.012020146520146525,0.012020146520146602
16,48,16,300,300,0.0,0.0,0.0,0.371769851437,0.0,-0.03438339438339438,0.03438339438339433
16,48,16,500,50,0.0,0.0,0.0,0.944716874025,0.0,-0.0024700854700854674,0.0024700854700854258
16,48,16,500,150,0.0,0.0,0.0,0.901051902814,0.0,-0.006369963369963365,0.006369963369963316
16,48,16,500,300,0.0,0.0,0.0,0.814777976916,0.0,-0.011898046398046397,0.011898046398046369
