seed,scenario_id,policy,background_user_count,pdb_user_count,pdb_ms,pdb_packet_kb,case_label,background_packet_kb,background_period_ms,rho_bg,rho_pdb,target_rho_bg,target_rho_pdb,actual_rho_bg,actual_rho_pdb,prb_share_pdb,g_pdb_mbps,background_mapping_policy,pdb_mapping_policy,edge_pdb_satisfaction_rate,center_agg_rate_bps,center_avg_rate_bps,prb_utilization,center_prb_share,edge_prb_share,pdb_arrivals_in_window,pdb_violation_rate,target_edge_completion_delay_ms,target_edge_queue_wait_ms,target_edge_service_time_ms,edge_backlog_bits
7,bg32_pdb4_d100_k8.2_seed00_L01,tail_append,32,4,100,8.2,L01,2.0,38.8,0.19984668012509155,0.300228832951945,0.2,0.3,0.19984668012509155,0.300228832951945,0.6003669947856352,0.6559999999999999,candidate_domain_solve_period,candidate_domain_solve_packet,1.0,13260800.0,414400.0,0.7130982905982906,0.5642259996318667,0.43577400036813335,400.0,0.0,25.0,20.0,5.0,0.0
7,bg32_pdb4_d100_k8.2_seed00_L01,hopeless_tail_append,32,4,100,8.2,L01,2.0,38.8,0.19984668012509155,0.300228832951945,0.2,0.3,0.19984668012509155,0.300228832951945,0.6003669947856352,0.6559999999999999,candidate_domain_solve_period,candidate_domain_solve_packet,1.0,13260800.0,414400.0,0.7130982905982906,0.5642259996318667,0.43577400036813335,400.0,0.0,25.0,20.0,5.0,0.0
7,bg32_pdb8_d100_k4.1_seed00_L02,tail_append,32,8,100,4.1,L02,2.0,38.8,0.19984668012509155,0.300228832951945,0.2,0.3,0.19984668012509155,0.300228832951945,0.6003669947856352,0.32799999999999996,candidate_domain_solve_period,candidate_domain_solve_packet,1.0,13260800.0,414400.0,0.8178943833943834,0.49031619505997937,0.5096838049400206,800.0,0.0,5.0,2.0,3.0,0.0
7,bg32_pdb8_d100_k4.1_seed00_L02,hopeless_tail_append,32,8,100,4.1,L02,2.0,38.8,0.19984668012509155,0.300228832951945,0.2,0.3,0.19984668012509155,0.300228832951945,0.6003669947856352,0.32799999999999996,candidate_domain_solve_period,candidate_domain_solve_packet,1.0,13260800.0,414400.0,0.8178943833943834,0.49031619505997937,0.5096838049400206,800.0,0.0,5.0,2.0,3.0,0.0
7,bg32_pdb4_d100_k10.9_seed00_L03,tail_append,32,4,100,10.9,L03,2.0,38.8,0.19984668012509155,0.39908466819221966,0.2,0.4,0.19984668012509155,0.39908466819221966,0.6663279010414835,0.872,candidate_domain_solve_period,candidate_domain_solve_packet,1.0,13260800.0,414400.0,0.7955982905982906,0.5051090017572265,0.4948909982427735,400.0,0.0,59.0,52.0,7.0,0.0
7,bg32_pdb4_d100_k10.9_seed00_L03,hopeless_tail_append,32,4,100,10.9,L03,2.0,38.8,0.19984668012509155,0.39908466819221966,0.2,0.4,0.19984668012509155,0.39908466819221966,0.6663279010414835,0.872,candidate_domain_solve_period,candidate_domain_solve_packet,1.0,13260800.0,414400.0,0.7955982905982906,0.5051090017572265,0.4948909982427735,400.0,0.0,59.0,52.0,7.0,0.0
7,bg32_pdb8_d100_k5.5_seed00_L04,tail_append,32,8,100,5.5,L04,2.0,38.8,0.19984668012509155,0.40274599542334094,0.2,0.4,0.19984668012509155,0.40274599542334094,0.6683552783923122,0.44,candidate_domain_solve_period,candidate_domain_solve_packet,1.0,13260800.0,414400.0,0.9266233211233211,0.43168211547039187,0.5683178845296082,800.0,0.0,64.0,57.0,7.0,0.0
7,bg32_pdb8_d100_k5.5_seed00_L04,hopeless_tail_append,32,8,100,5.5,L04,2.0,38.8,0.19984668012509155,0.40274599542334094,0.2,0.4,0.19984668012509155,0.40274599542334094,0.6683552783923122,0.44,candidate_domain_solve_period,candidate_domain_solve_packet,1.0,13260800.0,414400.0,0.9266233211233211,0.43168211547039187,0.5683178845296082,800.0,0.0,64.0,57.0,7.0,0.0
7,bg32_pdb4_d100_k12.3_seed00_L05,tail_append,32,4,100,12.3,L05,2.0,38.8,0.19984668012509155,0.45034324942791765,0.2,0.45,0.19984668012509155,0.45034324942791765,0.6926333813529201,0.9840000000000001,candidate_domain_solve_period,candidate_domain_solve_packet,1.0,13260800.0,414400.0,0.8315531135531136,0.4831963373771368,0.5168036626228631,400.0,0.0,60.0,52.0,8.0,0.0
7,bg32_pdb4_d100_k12.3_seed00_L05,hopeless_tail_append,32,4,100,12.3,L05,2.0,38.8,0.19984668012509155,0.45034324942791765,0.2,0.45,0.19984668012509155,0.45034324942791765,0.6926333813529201,0.9840000000000001,candidate_domain_solve_period,candidate_domain_solve_packet,1.0,13260800.0,414400.0,0.8315531135531136,0.4831963373771368,0.5168036626228631,400.0,0.0,60.0,52.0,8.0,0.0
7,bg32_pdb8_d100_k6.1_seed00_L06,tail_append,32,8,100,6.1,L06,2.0,38.8,0.19984668012509155,0.4466819221967963,0.2,0.45,0.19984668012509155,0.4466819221967963,0.6908927471926544,0.488,candidate_domain_solve_period,candidate_domain_solve_packet,1.0,13260800.0,414400.0,0.9622991452991453,0.41268114241051207,0.587318857589488,800.0,0.0,69.0,62.0,7.0,0.0
7,bg32_pdb8_d100_k6.1_seed00_L06,hopeless_tail_append,32,8,100,6.1,L06,2.0,38.8,0.19984668012509155,0.4466819221967963,0.2,0.45,0.19984668012509155,0.4466819221967963,0.6908927471926544,0.488,candidate_domain_solve_period,candidate_domain_solve_packet,1.0,13260800.0,414400.0,0.9622991452991453,0.41268114241051207,0.587318857589488,800.0,0.0,69.0,62.0,7.0,0.0
7,bg40_pdb4_d100_k8.2_seed00_L07,tail_append,40,4,100,8.2,L07,2.0,48.5,0.19984668012509152,0.300228832951945,0.2,0.3,0.19984668012509152,0.300228832951945,0.6003669947856352,0.6559999999999999,candidate_domain_solve_period,candidate_domain_solve_packet,1.0,13281062.0,332026.55,0.7294426129426129,0.5767136162808507,0.4232863837191493,400.0,0.0,8.0,4.0,4.0,0.0
7,bg40_pdb4_d100_k8.2_seed00_L07,hopeless_tail_append,40,4,100,8.2,L07,2.0,48.5,0.19984668012509152,0.300228832951945,0.2,0.3,0.19984668012509152,0.300228832951945,0.6003669947856352,0.6559999999999999,candidate_domain_solve_period,candidate_domain_solve_packet,1.0,13281062.0,332026.55,0.7294426129426129,0.5767136162808507,0.4232863837191493,400.0,0.0,8.0,4.0,4.0,0.0
7,bg40_pdb8_d100_k4.1_seed00_L08,tail_append,40,8,100,4.1,L08,2.0,48.5,0.19984668012509152,0.300228832951945,0.2,0.3,0.19984668012509152,0.300228832951945,0.6003669947856352,0.32799999999999996,candidate_domain_solve_period,candidate_domain_solve_packet,1.0,13278687.0,331967.175,0.8348241758241758,0.5004321938334496,0.4995678061665504,800.0,0.0,5.0,2.0,3.0,0.0
7,bg40_pdb8_d100_k4.1_seed00_L08,hopeless_tail_append,40,8,100,4.1,L08,2.0,48.5,0.19984668012509152,0.300228832951945,0.2,0.3,0.19984668012509152,0.300228832951945,0.6003669947856352,0.32799999999999996,candidate_domain_solve_period,candidate_domain_solve_packet,1.0,13278687.0,331967.175,0.8348241758241758,0.5004321938334496,0.4995678061665504,800.0,0.0,5.0,2.0,3.0,0.0
7,bg40_pdb4_d100_k10.9_seed00_L09,tail_append,40,4,100,10.9,L09,2.0,48.5,0.19984668012509152,0.39908466819221966,0.2,0.4,0.19984668012509152,0.39908466819221966,0.6663279010414835,0.872,candidate_domain_solve_period,candidate_domain_solve_packet,1.0,13279525.6,331988.14,0.8110793650793651,0.5161973824054532,0.48380261759454685,400.0,0.0,43.0,37.0,6.0,0.0
7,bg40_pdb4_d100_k10.9_seed00_L09,hopeless_tail_append,40,4,100,10.9,L09,2.0,48.5,0.19984668012509152,0.39908466819221966,0.2,0.4,0.19984668012509152,0.39908466819221966,0.6663279010414835,0.872,candidate_domain_solve_period,candidate_domain_solve_packet,1.0,13279525.6,331988.14,0.8110793650793651,0.5161973824054532,0.48380261759454685,400.0,0.0,43.0,37.0,6.0,0.0
7,bg40_pdb8_d100_k5.5_seed00_L10,tail_append,40,8,100,5.5,L10,2.0,48.5,0.19984668012509152,0.40274599542334094,0.2,0.4,0.19984668012509152,0.40274599542334094,0.6683552783923125,0.44,candidate_domain_solve_period,candidate_domain_solve_packet,1.0,13277730.6,331943.265,0.9377564102564102,0.4405482912284471,0.5594517087715529,800.0,0.0,13.0,9.0,4.0,0.0
7,bg40_pdb8_d100_k5.5_seed00_L10,hopeless_tail_append,40,8,100,5.5,L10,2.0,48.5,0.19984668012509152,0.40274599542334094,0.2,0.4,0.19984668012509152,0.40274599542334094,0.6683552783923125,0.44,candidate_domain_solve_period,candidate_domain_solve_packet,1.0,13277730.6,331943.265,0.9377564102564102,0.4405482912284471,0.5594517087715529,800.0,0.0,13.0,9.0,4.0,0.0
7,bg40_pdb4_d100_k12.3_seed00_L11,tail_append,40,4,100,12.3,L11,2.0,48.5,0.19984668012509152,0.45034324942791765,0.2,0.45,0.19984668012509152,0.45034324942791765,0.6926333813529201,0.9840000000000001,candidate_domain_solve_period,candidate_domain_solve_packet,1.0,13279525.6,331988.14,0.8481251526251526,0.49139126810626615,0.5086087318937339,400.0,0.0,43.0,37.0,6.0,0.0
7,bg40_pdb4_d100_k12.3_seed00_L11,hopeless_tail_append,40,4,100,12.3,L11,2.0,48.5,0.19984668012509152,0.45034324942791765,0.2,0.45,0.19984668012509152,0.45034324942791765,0.6926333813529201,0.9840000000000001,candidate_domain_solve_period,candidate_domain_solve_packet,1.0,13279525.6,331988.14,0.8481251526251526,0.49139126810626615,0.5086087318937339,400.0,0.0,43.0,37.0,6.0,0.0
7,bg40_pdb8_d100_k6.1_seed00_L12,tail_append,40,8,100,6.1,L12,2.0,48.5,0.19984668012509152,0.4466819221967963,0.2,0.45,0.19984668012509152,0.4466819221967963,0.6908927471926546,0.488,candidate_domain_solve_period,candidate_domain_solve_packet,1.0,13278687.0,331967.175,0.9749450549450549,0.4193586564472498,0.5806413435527502,800.0,0.0,14.0,9.0,5.0,0.0
7,bg40_pdb8_d100_k6.1_seed00_L12,hopeless_tail_append,40,8,100,6.1,L12,2.0,48.5,0.19984668012509152,0.4466819221967963,0.2,0.45,0.19984668012509152,0.4466819221967963,0.6908927471926546,0.488,candidate_domain_solve_period,candidate_domain_solve_packet,1.0,13278687.0,331967.175,0.9749450549450549,0.4193586564472498,0.5806413435527502,800.0,0.0,14.0,9.0,5.0,0.0
7,bg48_pdb4_d100_k8.2_seed00_L13,tail_append,48,4,100,8.2,L13,2.0,58.2,0.19984668012509152,0.300228832951945,0.2,0.3,0.19984668012509152,0.300228832951945,0.6003669947856352,0.6559999999999999,candidate_domain_solve_period,candidate_domain_solve_packet,1.0,13286400.0,276800.0,0.6901465201465201,0.5499646161739469,0.4500353838260531,400.0,0.0,8.0,4.0,4.0,0.0
7,bg48_pdb4_d100_k8.2_seed00_L13,hopeless_tail_append,48,4,100,8.2,L13,2.0,58.2,0.19984668012509152,0.300228832951945,0.2,0.3,0.19984668012509152,0.300228832951945,0.6003669947856352,0.6559999999999999,candidate_domain_solve_period,candidate_domain_solve_packet,1.0,13286400.0,276800.0,0.6901465201465201,0.5499646161739469,0.4500353838260531,400.0,0.0,8.0,4.0,4.0,0.0
7,bg48_pdb8_d100_k4.1_seed00_L14,tail_append,48,8,100,4.1,L14,2.0,58.2,0.19984668012509152,0.300228832951945,0.2,0.3,0.19984668012509152,0.300228832951945,0.6003669947856352,0.32799999999999996,candidate_domain_solve_period,candidate_domain_solve_packet,1.0,13286400.0,276800.0,0.8018815628815629,0.47342331299553403,0.526576687004466,800.0,0.0,5.0,2.0,3.0,0.0
7,bg48_pdb8_d100_k4.1_seed00_L14,hopeless_tail_append,48,8,100,4.1,L14,2.0,58.2,0.19984668012509152,0.300228832951945,0.2,0.3,0.19984668012509152,0.300228832951945,0.6003669947856352,0.32799999999999996,candidate_domain_solve_period,candidate_domain_solve_packet,1.0,13286400.0,276800.0,0.8018815628815629,0.47342331299553403,0.526576687004466,800.0,0.0,5.0,2.0,3.0,0.0
7,bg48_pdb4_d100_k10.9_seed00_L15,tail_append,48,4,100,10.9,L15,2.0,58.2,0.19984668012509152,0.39908466819221966,0.2,0.4,0.19984668012509152,0.39908466819221966,0.6663279010414835,0.872,candidate_domain_solve_period,candidate_domain_solve_packet,1.0,13286400.0,276800.0,0.7704615384615384,0.4920896407018612,0.5079103592981389,400.0,0.0,13.0,7.0,6.0,0.0
7,bg48_pdb4_d100_k10.9_seed00_L15,hopeless_tail_append,48,4,100,10.9,L15,2.0,58.2,0.19984668012509152,0.39908466819221966,0.2,0.4,0.19984668012509152,0.39908466819221966,0.6663279010414835,0.872,candidate_domain_solve_period,candidate_domain_solve_packet,1.0,13286400.0,276800.0,0.7704615384615384,0.4920896407018612,0.5079103592981389,400.0,0.0,13.0,7.0,6.0,0.0
7,bg48_pdb8_d100_k5.5_seed00_L16,tail_append,48,8,100,5.5,L16,2.0,58.2,0.19984668012509152,0.40274599542334094,0.2,0.4,0.19984668012509152,0.40274599542334094,0.6683552783923125,0.44,candidate_domain_solve_period,candidate_domain_solve_packet,1.0,13286400.0,276800.0,0.9038009768009768,0.41831607929069065,0.5816839207093093,800.0,0.0,13.0,9.0,4.0,0.0
7,bg48_pdb8_d100_k5.5_seed00_L16,hopeless_tail_append,48,8,100,5.5,L16,2.0,58.2,0.19984668012509152,0.40274599542334094,0.2,0.4,0.19984668012509152,0.40274599542334094,0.6683552783923125,0.44,candidate_domain_solve_period,candidate_domain_solve_packet,1.0,13286400.0,276800.0,0.9038009768009768,0.41831607929069065,0.5816839207093093,800.0,0.0,13.0,9.0,4.0,0.0
7,bg48_pdb4_d100_k12.3_seed00_L17,tail_append,48,4,100,12.3,L17,2.0,58.2,0.19984668012509152,0.45034324942791765,0.2,0.45,0.19984668012509152,0.45034324942791765,0.6926333813529201,0.9840000000000001,candidate_domain_solve_period,candidate_domain_solve_packet,1.0,13286400.0,276800.0,0.8090286935286936,0.4687044640424875,0.5312955359575124,400.0,0.0,13.0,7.0,6.0,0.0
7,bg48_pdb4_d100_k12.3_seed00_L17,hopeless_tail_append,48,4,100,12.3,L17,2.0,58.2,0.19984668012509152,0.45034324942791765,0.2,0.45,0.19984668012509152,0.45034324942791765,0.6926333813529201,0.9840000000000001,candidate_domain_solve_period,candidate_domain_solve_packet,1.0,13286400.0,276800.0,0.8090286935286936,0.4687044640424875,0.5312955359575124,400.0,0.0,13.0,7.0,6.0,0.0
7,bg48_pdb8_d100_k6.1_seed00_L18,tail_append,48,8,100,6.1,L18,2.0,58.2,0.19984668012509152,0.4466819221967963,0.2,0.45,0.19984668012509152,0.4466819221967963,0.6908927471926546,0.488,candidate_domain_solve_period,candidate_domain_solve_packet,1.0,13286400.0,276800.0,0.9447979242979243,0.39957443206453436,0.6004255679354656,800.0,0.0,14.0,9.0,5.0,0.0
7,bg48_pdb8_d100_k6.1_seed00_L18,hopeless_tail_append,48,8,100,6.1,L18,2.0,58.2,0.19984668012509152,0.4466819221967963,0.2,0.45,0.19984668012509152,0.4466819221967963,0.6908927471926546,0.488,candidate_domain_solve_period,candidate_domain_solve_packet,1.0,13286400.0,276800.0,0.9447979242979243,0.39957443206453436,0.6004255679354656,800.0,0.0,14.0,9.0,5.0,0.0
8,bg32_pdb4_d100_k8.2_seed01_L01,tail_append,32,4,100,8.2,L01,2.0,38.8,0.19984668012509155,0.300228832951945,0.2,0.3,0.19984668012509155,0.300228832951945,0.6003669947856352,0.6559999999999999,candidate_domain_solve_period,candidate_domain_solve_packet,1.0,13260800.0,414400.0,0.8776025641025641,0.5555546280277117,0.44444537197228823,400.0,0.0,19.0,17.0,2.0,0.0
8,bg32_pdb4_d100_k8.2_seed01_L01,hopeless_tail_append,32,4,100,8.2,L01,2.0,38.8,0.19984668012509155,0.300228832951945,0.2,0.3,0.19984668012509155,0.300228832951945,0.6003669947856352,0.6559999999999999,candidate_domain_solve_period,candidate_domain_solve_packet,1.0,13260800.0,414400.0,0.8776025641025641,0.5555546280277117,0.44444537197228823,400.0,0.0,19.0,17.0,2.0,0.0
8,bg32_pdb8_d100_k4.1_seed01_L02,tail_append,32,8,100,4.1,L02,2.0,38.8,0.19984668012509155,0.300228832951945,0.2,0.3,0.19984668012509155,0.300228832951945,0.6003669947856352,0.32799999999999996,candidate_domain_solve_period,candidate_domain_solve_packet,1.0,13260800.0,414400.0,0.9883565323565323,0.47675560617890356,0.5232443938210964,800.0,0.0,18.0,17.0,1.0,0.0
8,bg32_pdb8_d100_k4.1_seed01_L02,hopeless_tail_append,32,8,100,4.1,L02,2.0,38.8,0.19984668012509155,0.300228832951945,0.2,0.3,0.19984668012509155,0.300228832951945,0.6003669947856352,0.32799999999999996,candidate_domain_solve_period,candidate_domain_solve_packet,1.0,13260800.0,414400.0,0.9883565323565323,0.47675560617890356,0.5232443938210964,800.0,0.0,18.0,17.0,1.0,0.0
8,bg32_pdb4_d100_k10.9_seed01_L03,tail_append,32,4,100,10.9,L03,2.0,38.8,0.19984668012509155,0.39908466819221966,0.2,0.4,0.19984668012509155,0.39908466819221966,0.6663279010414835,0.872,candidate_domain_solve_period,candidate_domain_solve_packet,0.965,13259200.0,414350.0,0.9796013431013431,0.48537224843526716,0.5146277515647328,400.0,0.035,33.0,30.0,3.0,0.0
8,bg32_pdb4_d100_k10.9_seed01_L03,hopeless_tail_append,32,4,100,10.9,L03,2.0,38.8,0.19984668012509155,0.39908466819221966,0.2,0.4,0.19984668012509155,0.39908466819221966,0.6663279010414835,0.872,candidate_domain_solve_period,candidate_domain_solve_packet,0.965,13259200.0,414350.0,0.9796013431013431,0.48537224843526716,0.5146277515647328,400.0,0.035,33.0,30.0,3.0,0.0
8,bg32_pdb8_d100_k5.5_seed01_L04,tail_append,32,8,100,5.5,L04,2.0,38.8,0.19984668012509155,0.40274599542334094,0.2,0.4,0.19984668012509155,0.40274599542334094,0.6683552783923122,0.44,candidate_domain_solve_period,candidate_domain_solve_packet,0.67875,13137456.2,410545.50625,0.9991886446886447,0.37041897852408945,0.6295810214759106,800.0,0.32125,18.0,17.0,1.0,0.0
8,bg32_pdb8_d100_k5.5_seed01_L04,hopeless_tail_append,32,8,100,5.5,L04,2.0,38.8,0.19984668012509155,0.40274599542334094,0.2,0.4,0.19984668012509155,0.40274599542334094,0.6683552783923122,0.44,candidate_domain_solve_period,candidate_domain_solve_packet,0.6925,13161929.5,411310.296875,0.9991886446886447,0.37317762702461277,0.6268223729753872,800.0,0.3075,18.0,17.0,1.0,0.0
8,bg32_pdb4_d100_k12.3_seed01_L05,tail_append,32,4,100,12.3,L05,2.0,38.8,0.19984668012509155,0.45034324942791765,0.2,0.45,0.19984668012509155,0.45034324942791765,0.6926333813529201,0.9840000000000001,candidate_domain_solve_period,candidate_domain_solve_packet,0.5625,13254400.0,414200.0,0.9967844932844933,0.4489252069995523,0.5510747930004477,400.0,0.4375,33.0,30.0,3.0,0.0
8,bg32_pdb4_d100_k12.3_seed01_L05,hopeless_tail_append,32,4,100,12.3,L05,2.0,38.8,0.19984668012509155,0.45034324942791765,0.2,0.45,0.19984668012509155,0.45034324942791765,0.6926333813529201,0.9840000000000001,candidate_domain_solve_period,candidate_domain_solve_packet,0.545,13254400.0,414200.0,0.9967411477411477,0.44951373891227947,0.5504862610877206,400.0,0.455,33.0,30.0,3.0,0.0
8,bg32_pdb8_d100_k6.1_seed01_L06,tail_append,32,8,100,6.1,L06,2.0,38.8,0.19984668012509155,0.4466819221967963,0.2,0.45,0.19984668012509155,0.4466819221967963,0.6908927471926544,0.488,candidate_domain_solve_period,candidate_domain_solve_packet,0.4525,12960880.8,405027.525,0.9993559218559218,0.33244977687093946,0.6675502231290605,800.0,0.5475,18.0,17.0,1.0,0.0
8,bg32_pdb8_d100_k6.1_seed01_L06,hopeless_tail_append,32,8,100,6.1,L06,2.0,38.8,0.19984668012509155,0.4466819221967963,0.2,0.45,0.19984668012509155,0.4466819221967963,0.6908927471926544,0.488,candidate_domain_solve_period,candidate_domain_solve_packet,0.445,12937652.2,404301.63125,0.9993559218559218,0.3292792366267651,0.6707207633732349,800.0,0.555,18.0,17.0,1.0,0.0
8,bg40_pdb4_d100_k8.2_seed01_L07,tail_append,40,4,100,8.2,L07,2.0,48.5,0.19984668012509152,0.300228832951945,0.2,0.3,0.19984668012509152,0.300228832951945,0.6003669947856352,0.6559999999999999,candidate_domain_solve_period,candidate_domain_solve_packet,1.0,13277526.4,331938.16,0.9109865689865689,0.5711247047974931,0.4288752952025069,400.0,0.0,19.0,17.0,2.0,0.0
8,bg40_pdb4_d100_k8.2_seed01_L07,hopeless_tail_append,40,4,100,8.2,L07,2.0,48.5,0.19984668012509152,0.300228832951945,0.2,0.3,0.19984668012509152,0.300228832951945,0.6003669947856352,0.6559999999999999,candidate_domain_solve_period,candidate_domain_solve_packet,1.0,13277526.4,331938.16,0.9109865689865689,0.5711247047974931,0.4288752952025069,400.0,0.0,19.0,17.0,2.0,0.0
8,bg40_pdb8_d100_k4.1_seed01_L08,tail_append,40,8,100,4.1,L08,2.0,48.5,0.19984668012509152,0.300228832951945,0.2,0.3,0.19984668012509152,0.300228832951945,0.6003669947856352,0.32799999999999996,candidate_domain_solve_period,candidate_domain_solve_packet,1.0,13273051.8,331826.295,0.9957673992673993,0.4915015753491426,0.5084984246508574,800.0,0.0,18.0,17.0,1.0,0.0
8,bg40_pdb8_d100_k4.1_seed01_L08,hopeless_tail_append,40,8,100,4.1,L08,2.0,48.5,0.19984668012509152,0.300228832951945,0.2,0.3,0.19984668012509152,0.300228832951945,0.6003669947856352,0.32799999999999996,candidate_domain_solve_period,candidate_domain_solve_packet,1.0,13273051.8,331826.295,0.9957673992673993,0.4915015753491426,0.5084984246508574,800.0,0.0,18.0,17.0,1.0,0.0
8,bg40_pdb4_d100_k10.9_seed01_L09,tail_append,40,4,100,10.9,L09,2.0,48.5,0.19984668012509152,0.39908466819221966,0.2,0.4,0.19984668012509152,0.39908466819221966,0.6663279010414835,0.872,candidate_domain_solve_period,candidate_domain_solve_packet,0.7825,13273786.2,331844.655,0.9948485958485959,0.5025835163068358,0.49741648369316416,400.0,0.2175,48.0,44.0,4.0,0.0
8,bg40_pdb4_d100_k10.9_seed01_L09,hopeless_tail_append,40,4,100,10.9,L09,2.0,48.5,0.19984668012509152,0.39908466819221966,0.2,0.4,0.19984668012509152,0.39908466819221966,0.6663279010414835,0.872,candidate_domain_solve_period,candidate_domain_solve_packet,0.7825,13273786.2,331844.655,0.9948485958485959,0.5025835163068358,0.49741648369316416,400.0,0.2175,48.0,44.0,4.0,0.0
8,bg40_pdb8_d100_k5.5_seed01_L10,tail_append,40,8,100,5.5,L10,2.0,48.5,0.19984668012509152,0.40274599542334094,0.2,0.4,0.19984668012509152,0.40274599542334094,0.6683552783923125,0.44,candidate_domain_solve_period,candidate_domain_solve_packet,0.61625,13184558.4,329613.96,0.9993711843711843,0.3812323988833027,0.6187676011166973,800.0,0.38375,18.0,17.0,1.0,0.0
8,bg40_pdb8_d100_k5.5_seed01_L10,hopeless_tail_append,40,8,100,5.5,L10,2.0,48.5,0.19984668012509152,0.40274599542334094,0.2,0.4,0.19984668012509152,0.40274599542334094,0.6683552783923125,0.44,candidate_domain_solve_period,candidate_domain_solve_packet,0.60125,13174344.5,329358.6125,0.9993711843711843,0.37924946700306056,0.6207505329969395,800.0,0.39875,18.0,17.0,1.0,0.0
8,bg40_pdb4_d100_k12.3_seed01_L11,tail_append,40,4,100,12.3,L11,2.0,48.5,0.19984668012509152,0.45034324942791765,0.2,0.45,0.19984668012509152,0.45034324942791765,0.6926333813529201,0.9840000000000001,candidate_domain_solve_period,candidate_domain_solve_packet,0.355,13264292.6,331607.315,0.9993076923076923,0.45775830153476216,0.5422416984652378,400.0,0.645,48.0,44.0,4.0,0.0
8,bg40_pdb4_d100_k12.3_seed01_L11,hopeless_tail_append,40,4,100,12.3,L11,2.0,48.5,0.19984668012509152,0.45034324942791765,0.2,0.45,0.19984668012509152,0.45034324942791765,0.6926333813529201,0.9840000000000001,candidate_domain_solve_period,candidate_domain_solve_packet,0.345,13263369.4,331584.235,0.9993076923076923,0.45525534771936127,0.5447446522806387,400.0,0.655,48.0,44.0,4.0,0.0
8,bg40_pdb8_d100_k6.1_seed01_L12,tail_append,40,8,100,6.1,L12,2.0,48.5,0.19984668012509152,0.4466819221967963,0.2,0.45,0.19984668012509152,0.4466819221967963,0.6908927471926546,0.488,candidate_domain_solve_period,candidate_domain_solve_packet,0.35,12885538.6,322138.465,0.9995,0.3400894586487383,0.6599105413512617,800.0,0.65,18.0,17.0,1.0,0.0
8,bg40_pdb8_d100_k6.1_seed01_L12,hopeless_tail_append,40,8,100,6.1,L12,2.0,48.5,0.19984668012509152,0.4466819221967963,0.2,0.45,0.19984668012509152,0.4466819221967963,0.6908927471926546,0.488,candidate_domain_solve_period,candidate_domain_solve_packet,0.34625,12920812.4,323020.31,0.9995,0.3403148460677225,0.6596851539322774,800.0,0.65375,18.0,17.0,1.0,0.0
8,bg48_pdb4_d100_k8.2_seed01_L13,tail_append,48,4,100,8.2,L13,2.0,58.2,0.19984668012509152,0.300228832951945,0.2,0.3,0.19984668012509152,0.300228832951945,0.6003669947856352,0.6559999999999999,candidate_domain_solve_period,candidate_domain_solve_packet,1.0,13286400.0,276800.0,0.9257643467643467,0.5778546849713994,0.4221453150286006,400.0,0.0,53.0,51.0,2.0,0.0
8,bg48_pdb4_d100_k8.2_seed01_L13,hopeless_tail_append,48,4,100,8.2,L13,2.0,58.2,0.19984668012509152,0.300228832951945,0.2,0.3,0.19984668012509152,0.300228832951945,0.6003669947856352,0.6559999999999999,candidate_domain_solve_period,candidate_domain_solve_packet,1.0,13286400.0,276800.0,0.9257643467643467,0.5778546849713994,0.4221453150286006,400.0,0.0,53.0,51.0,2.0,0.0
8,bg48_pdb8_d100_k4.1_seed01_L14,tail_append,48,8,100,4.1,L14,2.0,58.2,0.19984668012509152,0.300228832951945,0.2,0.3,0.19984668012509152,0.300228832951945,0.6003669947856352,0.32799999999999996,candidate_domain_solve_period,candidate_domain_solve_packet,0.9575,13282797.3,276724.94375,0.9999835164835165,0.49135059002804077,0.5086494099719593,800.0,0.0425,20.0,19.0,1.0,0.0
8,bg48_pdb8_d100_k4.1_seed01_L14,hopeless_tail_append,48,8,100,4.1,L14,2.0,58.2,0.19984668012509152,0.300228832951945,0.2,0.3,0.19984668012509152,0.300228832951945,0.6003669947856352,0.32799999999999996,candidate_domain_solve_period,candidate_domain_solve_packet,0.97125,13282700.8,276722.93333333335,0.9999835164835165,0.49295012799356275,0.5070498720064373,800.0,0.02875,20.0,19.0,1.0,0.0
8,bg48_pdb4_d100_k10.9_seed01_L15,tail_append,48,4,100,10.9,L15,2.0,58.2,0.19984668012509152,0.39908466819221966,0.2,0.4,0.19984668012509152,0.39908466819221966,0.6663279010414835,0.872,candidate_domain_solve_period,candidate_domain_solve_packet,0.5025,13281169.2,276691.025,0.9991776556776557,0.5128093737646282,0.48719062623537185,400.0,0.4975,53.0,51.0,2.0,0.0
8,bg48_pdb4_d100_k10.9_seed01_L15,hopeless_tail_append,48,4,100,10.9,L15,2.0,58.2,0.19984668012509152,0.39908466819221966,0.2,0.4,0.19984668012509152,0.39908466819221966,0.6663279010414835,0.872,candidate_domain_solve_period,candidate_domain_solve_packet,0.495,13283200.0,276733.3333333333,0.9993705738705738,0.5107127868640151,0.48928721313598483,400.0,0.505,53.0,51.0,2.0,0.0
8,bg48_pdb8_d100_k5.5_seed01_L16,tail_append,48,8,100,5.5,L16,2.0,58.2,0.19984668012509152,0.40274599542334094,0.2,0.4,0.19984668012509152,0.40274599542334094,0.6683552783923125,0.44,candidate_domain_solve_period,candidate_domain_solve_packet,0.48625,13107792.7,273079.01458333334,1.0,0.3882851037851038,0.6117148962148962,800.0,0.51375,53.0,51.0,2.0,0.0
8,bg48_pdb8_d100_k5.5_seed01_L16,hopeless_tail_append,48,8,100,5.5,L16,2.0,58.2,0.19984668012509152,0.40274599542334094,0.2,0.4,0.19984668012509152,0.40274599542334094,0.6683552783923125,0.44,candidate_domain_solve_period,candidate_domain_solve_packet,0.51625,13084751.9,272598.9979166667,1.0,0.38768437118437116,0.6123156288156288,800.0,0.48375,53.0,51.0,2.0,0.0
8,bg48_pdb4_d100_k12.3_seed01_L17,tail_append,48,4,100,12.3,L17,2.0,58.2,0.19984668012509152,0.45034324942791765,0.2,0.45,0.19984668012509152,0.45034324942791765,0.6926333813529201,0.9840000000000001,candidate_domain_solve_period,candidate_domain_solve_packet,0.2725,13261261.1,276276.27291666664,0.9995,0.4594947046172659,0.5405052953827341,400.0,0.7275,54.0,51.0,3.0,0.0
8,bg48_pdb4_d100_k12.3_seed01_L17,hopeless_tail_append,48,4,100,12.3,L17,2.0,58.2,0.19984668012509152,0.45034324942791765,0.2,0.45,0.19984668012509152,0.45034324942791765,0.6926333813529201,0.9840000000000001,candidate_domain_solve_period,candidate_domain_solve_packet,0.2825,13266742.2,276390.4625,0.9995,0.46216331609027955,0.5378366839097204,400.0,0.7175,54.0,51.0,3.0,0.0
8,bg48_pdb8_d100_k6.1_seed01_L18,tail_append,48,8,100,6.1,L18,2.0,58.2,0.19984668012509152,0.4466819221967963,0.2,0.45,0.19984668012509152,0.4466819221967963,0.6908927471926546,0.488,candidate_domain_solve_period,candidate_domain_solve_packet,0.28125,12876476.5,268259.9270833333,1.0,0.34737851037851036,0.6526214896214896,800.0,0.71875,53.0,51.0,2.0,0.0
8,bg48_pdb8_d100_k6.1_seed01_L18,hopeless_tail_append,48,8,100,6.1,L18,2.0,58.2,0.19984668012509152,0.4466819221967963,0.2,0.45,0.19984668012509152,0.4466819221967963,0.6908927471926546,0.488,candidate_domain_solve_period,candidate_domain_solve_packet,0.2875,12862274.8,267964.05833333335,1.0,0.34784493284493284,0.6521550671550671,800.0,0.7125,53.0,51.0,2.0,0.0
9,bg32_pdb4_d100_k8.2_seed02_L01,tail_append,32,4,100,8.2,L01,2.0,38.8,0.19984668012509155,0.300228832951945,0.2,0.3,0.19984668012509155,0.300228832951945,0.6003669947856352,0.6559999999999999,candidate_domain_solve_period,candidate_domain_solve_packet,1.0,13260800.0,414400.0,0.9392649572649573,0.4909926188612923,0.5090073811387077,400.0,0.0,19.0,17.0,2.0,0.0
9,bg32_pdb4_d100_k8.2_seed02_L01,hopeless_tail_append,32,4,100,8.2,L01,2.0,38.8,0.19984668012509155,0.300228832951945,0.2,0.3,0.19984668012509155,0.300228832951945,0.6003669947856352,0.6559999999999999,candidate_domain_solve_period,candidate_domain_solve_packet,1.0,13260800.0,414400.0,0.9392649572649573,0.4909926188612923,0.5090073811387077,400.0,0.0,19.0,17.0,2.0,0.0
9,bg32_pdb8_d100_k4.1_seed02_L02,tail_append,32,8,100,4.1,L02,2.0,38.8,0.19984668012509155,0.300228832951945,0.2,0.3,0.19984668012509155,0.300228832951945,0.6003669947856352,0.32799999999999996,candidate_domain_solve_period,candidate_domain_solve_packet,1.0,13258982.4,414343.2,0.997910866910867,0.44478574898230616,0.5552142510176938,800.0,0.0,18.0,17.0,1.0,0.0
9,bg32_pdb8_d100_k4.1_seed02_L02,hopeless_tail_append,32,8,100,4.1,L02,2.0,38.8,0.19984668012509155,0.300228832951945,0.2,0.3,0.19984668012509155,0.300228832951945,0.6003669947856352,0.32799999999999996,candidate_domain_solve_period,candidate_domain_solve_packet,1.0,13258982.4,414343.2,0.997910866910867,0.44478574898230616,0.5552142510176938,800.0,0.0,18.0,17.0,1.0,0.0
9,bg32_pdb4_d100_k10.9_seed02_L03,tail_append,32,4,100,10.9,L03,2.0,38.8,0.19984668012509155,0.39908466819221966,0.2,0.4,0.19984668012509155,0.39908466819221966,0.6663279010414835,0.872,candidate_domain_solve_period,candidate_domain_solve_packet,0.425,13259859.6,414370.6125,1.0,0.41259523809523807,0.5874047619047619,400.0,0.575,20.0,17.0,3.0,0.0
9,bg32_pdb4_d100_k10.9_seed02_L03,hopeless_tail_append,32,4,100,10.9,L03,2.0,38.8,0.19984668012509155,0.39908466819221966,0.2,0.4,0.19984668012509155,0.39908466819221966,0.6663279010414835,0.872,candidate_domain_solve_period,candidate_domain_solve_packet,0.4275,13255824.0,414244.5,1.0,0.4143168498168498,0.5856831501831502,400.0,0.5725,20.0,17.0,3.0,0.0
9,bg32_pdb8_d100_k5.5_seed02_L04,tail_append,32,8,100,5.5,L04,2.0,38.8,0.19984668012509155,0.40274599542334094,0.2,0.4,0.19984668012509155,0.40274599542334094,0.6683552783923122,0.44,candidate_domain_solve_period,candidate_domain_solve_packet,0.615,13153980.4,411061.8875,1.0,0.34034493284493283,0.6596550671550672,800.0,0.385,19.0,17.0,2.0,0.0
9,bg32_pdb8_d100_k5.5_seed02_L04,hopeless_tail_append,32,8,100,5.5,L04,2.0,38.8,0.19984668012509155,0.40274599542334094,0.2,0.4,0.19984668012509155,0.40274599542334094,0.6683552783923122,0.44,candidate_domain_solve_period,candidate_domain_solve_packet,0.63,13180290.4,411884.075,1.0,0.343468253968254,0.656531746031746,800.0,0.37,19.0,17.0,2.0,0.0
9,bg32_pdb4_d100_k12.3_seed02_L05,tail_append,32,4,100,12.3,L05,2.0,38.8,0.19984668012509155,0.45034324942791765,0.2,0.45,0.19984668012509155,0.45034324942791765,0.6926333813529201,0.9840000000000001,candidate_domain_solve_period,candidate_domain_solve_packet,0.235,13220286.3,413133.946875,1.0,0.3534316239316239,0.646568376068376,400.0,0.765,20.0,17.0,3.0,0.0
9,bg32_pdb4_d100_k12.3_seed02_L05,hopeless_tail_append,32,4,100,12.3,L05,2.0,38.8,0.19984668012509155,0.45034324942791765,0.2,0.45,0.19984668012509155,0.45034324942791765,0.6926333813529201,0.9840000000000001,candidate_domain_solve_period,candidate_domain_solve_packet,0.225,13204269.1,412633.409375,1.0,0.3538577533577534,0.6461422466422466,400.0,0.775,20.0,17.0,3.0,0.0
9,bg32_pdb8_d100_k6.1_seed02_L06,tail_append,32,8,100,6.1,L06,2.0,38.8,0.19984668012509155,0.4466819221967963,0.2,0.45,0.19984668012509155,0.4466819221967963,0.6908927471926544,0.488,candidate_domain_solve_period,candidate_domain_solve_packet,0.37625,12822273.6,400696.05,1.0,0.3027258852258852,0.6972741147741148,800.0,0.62375,19.0,17.0,2.0,0.0
9,bg32_pdb8_d100_k6.1_seed02_L06,hopeless_tail_append,32,8,100,6.1,L06,2.0,38.8,0.19984668012509155,0.4466819221967963,0.2,0.45,0.19984668012509155,0.4466819221967963,0.6908927471926544,0.488,candidate_domain_solve_period,candidate_domain_solve_packet,0.41625,12839810.0,401244.0625,1.0,0.30309035409035406,0.6969096459096459,800.0,0.58375,19.0,17.0,2.0,0.0
9,bg40_pdb4_d100_k8.2_seed02_L07,tail_append,40,4,100,8.2,L07,2.0,48.5,0.19984668012509152,0.300228832951945,0.2,0.3,0.19984668012509152,0.300228832951945,0.6003669947856352,0.6559999999999999,candidate_domain_solve_period,candidate_domain_solve_packet,1.0,13277256.4,331931.41,0.9627649572649573,0.5063794816643405,0.49362051833565945,400.0,0.0,53.0,49.0,4.0,0.0
9,bg40_pdb4_d100_k8.2_seed02_L07,hopeless_tail_append,40,4,100,8.2,L07,2.0,48.5,0.19984668012509152,0.300228832951945,0.2,0.3,0.19984668012509152,0.300228832951945,0.6003669947856352,0.6559999999999999,candidate_domain_solve_period,candidate_domain_solve_packet,1.0,13277256.4,331931.41,0.9627649572649573,0.5063794816643405,0.49362051833565945,400.0,0.0,53.0,49.0,4.0,0.0
9,bg40_pdb8_d100_k4.1_seed02_L08,tail_append,40,8,100,4.1,L08,2.0,48.5,0.19984668012509152,0.300228832951945,0.2,0.3,0.19984668012509152,0.300228832951945,0.6003669947856352,0.32799999999999996,candidate_domain_solve_period,candidate_domain_solve_packet,1.0,13272300.4,331807.51,1.0,0.44777350427350426,0.5522264957264957,800.0,0.0,18.0,17.0,1.0,0.0
9,bg40_pdb8_d100_k4.1_seed02_L08,hopeless_tail_append,40,8,100,4.1,L08,2.0,48.5,0.19984668012509152,0.300228832951945,0.2,0.3,0.19984668012509152,0.300228832951945,0.6003669947856352,0.32799999999999996,candidate_domain_solve_period,candidate_domain_solve_packet,1.0,13272300.4,331807.51,1.0,0.44777350427350426,0.5522264957264957,800.0,0.0,18.0,17.0,1.0,0.0
9,bg40_pdb4_d100_k10.9_seed02_L09,tail_append,40,4,100,10.9,L09,2.0,48.5,0.19984668012509152,0.39908466819221966,0.2,0.4,0.19984668012509152,0.39908466819221966,0.6663279010414835,0.872,candidate_domain_solve_period,candidate_domain_solve_packet,0.3275,13271681.2,331792.03,1.0,0.4181556776556777,0.5818443223443224,400.0,0.6725,54.0,49.0,5.0,0.0
9,bg40_pdb4_d100_k10.9_seed02_L09,hopeless_tail_append,40,4,100,10.9,L09,2.0,48.5,0.19984668012509152,0.39908466819221966,0.2,0.4,0.19984668012509152,0.39908466819221966,0.6663279010414835,0.872,candidate_domain_solve_period,candidate_domain_solve_packet,0.34,13265686.0,331642.15,1.0,0.4181025641025641,0.5818974358974359,400.0,0.66,54.0,49.0,5.0,0.0
9,bg40_pdb8_d100_k5.5_seed02_L10,tail_append,40,8,100,5.5,L10,2.0,48.5,0.19984668012509152,0.40274599542334094,0.2,0.4,0.19984668012509152,0.40274599542334094,0.6683552783923125,0.44,candidate_domain_solve_period,candidate_domain_solve_packet,0.505,13200296.0,330007.4,1.0,0.35712087912087914,0.6428791208791209,800.0,0.495,19.0,17.0,2.0,0.0
9,bg40_pdb8_d100_k5.5_seed02_L10,hopeless_tail_append,40,8,100,5.5,L10,2.0,48.5,0.19984668012509152,0.40274599542334094,0.2,0.4,0.19984668012509152,0.40274599542334094,0.6683552783923125,0.44,candidate_domain_solve_period,candidate_domain_solve_packet,0.52625,13190829.0,329770.725,1.0,0.35614529914529913,0.6438547008547009,800.0,0.47375,19.0,17.0,2.0,0.0
9,bg40_pdb4_d100_k12.3_seed02_L11,tail_append,40,4,100,12.3,L11,2.0,48.5,0.19984668012509152,0.45034324942791765,0.2,0.45,0.19984668012509152,0.45034324942791765,0.6926333813529201,0.9840000000000001,candidate_domain_solve_period,candidate_domain_solve_packet,0.17,13190304.6,329757.615,1.0,0.3571105006105006,0.6428894993894994,400.0,0.83,54.0,49.0,5.0,0.0
9,bg40_pdb4_d100_k12.3_seed02_L11,hopeless_tail_append,40,4,100,12.3,L11,2.0,48.5,0.19984668012509152,0.45034324942791765,0.2,0.45,0.19984668012509152,0.45034324942791765,0.6926333813529201,0.9840000000000001,candidate_domain_solve_period,candidate_domain_solve_packet,0.175,13182824.4,329570.61,1.0,0.35463186813186814,0.6453681318681319,400.0,0.825,54.0,49.0,5.0,0.0
9,bg40_pdb8_d100_k6.1_seed02_L12,tail_append,40,8,100,6.1,L12,2.0,48.5,0.19984668012509152,0.4466819221967963,0.2,0.45,0.19984668012509152,0.4466819221967963,0.6908927471926546,0.488,candidate_domain_solve_period,candidate_domain_solve_packet,0.3125,12819265.6,320481.64,1.0,0.31326984126984125,0.6867301587301587,800.0,0.6875,19.0,17.0,2.0,0.0
9,bg40_pdb8_d100_k6.1_seed02_L12,hopeless_tail_append,40,8,100,6.1,L12,2.0,48.5,0.19984668012509152,0.4466819221967963,0.2,0.45,0.19984668012509152,0.4466819221967963,0.6908927471926546,0.488,candidate_domain_solve_period,candidate_domain_solve_packet,0.3125,12862937.4,321573.435,1.0,0.31324053724053724,0.6867594627594628,800.0,0.6875,19.0,17.0,2.0,0.0
9,bg48_pdb4_d100_k8.2_seed02_L13,tail_append,48,4,100,8.2,L13,2.0,58.2,0.19984668012509152,0.300228832951945,0.2,0.3,0.19984668012509152,0.300228832951945,0.6003669947856352,0.6559999999999999,candidate_domain_solve_period,candidate_domain_solve_packet,0.985,13286400.0,276800.0,0.9909078144078144,0.5174421649342896,0.48255783506571037,400.0,0.015,25.0,23.0,2.0,0.0
9,bg48_pdb4_d100_k8.2_seed02_L13,hopeless_tail_append,48,4,100,8.2,L13,2.0,58.2,0.19984668012509152,0.300228832951945,0.2,0.3,0.19984668012509152,0.300228832951945,0.6003669947856352,0.6559999999999999,candidate_domain_solve_period,candidate_domain_solve_packet,0.985,13286400.0,276800.0,0.9909078144078144,0.5174421649342896,0.48255783506571037,400.0,0.015,25.0,23.0,2.0,0.0
9,bg48_pdb8_d100_k4.1_seed02_L14,tail_append,48,8,100,4.1,L14,2.0,58.2,0.19984668012509152,0.300228832951945,0.2,0.3,0.19984668012509152,0.300228832951945,0.6003669947856352,0.32799999999999996,candidate_domain_solve_period,candidate_domain_solve_packet,0.96125,13265609.6,276366.86666666664,1.0,0.46081318681318684,0.5391868131868132,800.0,0.03875,28.0,27.0,1.0,0.0
9,bg48_pdb8_d100_k4.1_seed02_L14,hopeless_tail_append,48,8,100,4.1,L14,2.0,58.2,0.19984668012509152,0.300228832951945,0.2,0.3,0.19984668012509152,0.300228832951945,0.6003669947856352,0.32799999999999996,candidate_domain_solve_period,candidate_domain_solve_packet,0.96625,13268276.2,276422.42083333334,1.0,0.45817399267399267,0.5418260073260073,800.0,0.03375,28.0,27.0,1.0,0.0
9,bg48_pdb4_d100_k10.9_seed02_L15,tail_append,48,4,100,10.9,L15,2.0,58.2,0.19984668012509152,0.39908466819221966,0.2,0.4,0.19984668012509152,0.39908466819221966,0.6663279010414835,0.872,candidate_domain_solve_period,candidate_domain_solve_packet,0.235,13181935.1,274623.64791666664,1.0,0.4220671550671551,0.5779328449328449,400.0,0.765,58.0,55.0,3.0,0.0
9,bg48_pdb4_d100_k10.9_seed02_L15,hopeless_tail_append,48,4,100,10.9,L15,2.0,58.2,0.19984668012509152,0.39908466819221966,0.2,0.4,0.19984668012509152,0.39908466819221966,0.6663279010414835,0.872,candidate_domain_solve_period,candidate_domain_solve_packet,0.235,13184051.0,274667.7291666667,1.0,0.4232973137973138,0.5767026862026862,400.0,0.765,58.0,55.0,3.0,0.0
9,bg48_pdb8_d100_k5.5_seed02_L16,tail_append,48,8,100,5.5,L16,2.0,58.2,0.19984668012509152,0.40274599542334094,0.2,0.4,0.19984668012509152,0.40274599542334094,0.6683552783923125,0.44,candidate_domain_solve_period,candidate_domain_solve_packet,0.42,13072626.5,272346.3854166667,1.0,0.3655262515262515,0.6344737484737485,800.0,0.58,28.0,27.0,1.0,0.0
9,bg48_pdb8_d100_k5.5_seed02_L16,hopeless_tail_append,48,8,100,5.5,L16,2.0,58.2,0.19984668012509152,0.40274599542334094,0.2,0.4,0.19984668012509152,0.40274599542334094,0.6683552783923125,0.44,candidate_domain_solve_period,candidate_domain_solve_packet,0.4125,13053092.5,271939.4270833333,1.0,0.3641068376068376,0.6358931623931624,800.0,0.5875,28.0,27.0,1.0,0.0
9,bg48_pdb4_d100_k12.3_seed02_L17,tail_append,48,4,100,12.3,L17,2.0,58.2,0.19984668012509152,0.45034324942791765,0.2,0.45,0.19984668012509152,0.45034324942791765,0.6926333813529201,0.9840000000000001,candidate_domain_solve_period,candidate_domain_solve_packet,0.1525,13035490.6,271572.7208333333,1.0,0.3582924297924298,0.6417075702075702,400.0,0.8475,58.0,55.0,3.0,0.0
9,bg48_pdb4_d100_k12.3_seed02_L17,hopeless_tail_append,48,4,100,12.3,L17,2.0,58.2,0.19984668012509152,0.45034324942791765,0.2,0.45,0.19984668012509152,0.45034324942791765,0.6926333813529201,0.9840000000000001,candidate_domain_solve_period,candidate_domain_solve_packet,0.13,13008511.2,271010.65,1.0,0.3573986568986569,0.6426013431013431,400.0,0.87,58.0,55.0,3.0,0.0
9,bg48_pdb8_d100_k6.1_seed02_L18,tail_append,48,8,100,6.1,L18,2.0,58.2,0.19984668012509152,0.4466819221967963,0.2,0.45,0.19984668012509152,0.4466819221967963,0.6908927471926546,0.488,candidate_domain_solve_period,candidate_domain_solve_packet,0.25375,12785371.3,266361.90208333335,1.0,0.31865140415140414,0.6813485958485959,800.0,0.74625,28.0,27.0,1.0,0.0
9,bg48_pdb8_d100_k6.1_seed02_L18,hopeless_tail_append,48,8,100,6.1,L18,2.0,58.2,0.19984668012509152,0.4466819221967963,0.2,0.45,0.19984668012509152,0.4466819221967963,0.6908927471926546,0.488,candidate_domain_solve_period,candidate_domain_solve_packet,0.25,12804007.9,266750.16458333336,1.0,0.3191727716727717,0.6808272283272283,800.0,0.75,28.0,27.0,1.0,0.0
10,bg32_pdb4_d100_k8.2_seed03_L01,tail_append,32,4,100,8.2,L01,2.0,38.8,0.19984668012509155,0.300228832951945,0.2,0.3,0.19984668012509155,0.300228832951945,0.6003669947856352,0.6559999999999999,candidate_domain_solve_period,candidate_domain_solve_packet,1.0,13260800.0,414400.0,0.8083711843711844,0.6079379992024844,0.39206200079751563,400.0,0.0,20.0,17.0,3.0,0.0
10,bg32_pdb4_d100_k8.2_seed03_L01,hopeless_tail_append,32,4,100,8.2,L01,2.0,38.8,0.19984668012509155,0.300228832951945,0.2,0.3,0.19984668012509155,0.300228832951945,0.6003669947856352,0.6559999999999999,candidate_domain_solve_period,candidate_domain_solve_packet,1.0,13260800.0,414400.0,0.8083711843711844,0.6079379992024844,0.39206200079751563,400.0,0.0,20.0,17.0,3.0,0.0
10,bg32_pdb8_d100_k4.1_seed03_L02,tail_append,32,8,100,4.1,L02,2.0,38.8,0.19984668012509155,0.300228832951945,0.2,0.3,0.19984668012509155,0.300228832951945,0.6003669947856352,0.32799999999999996,candidate_domain_solve_period,candidate_domain_solve_packet,1.0,13260800.0,414400.0,0.9986422466422467,0.4770775460698775,0.5229224539301225,800.0,0.0,19.0,17.0,2.0,0.0
10,bg32_pdb8_d100_k4.1_seed03_L02,hopeless_tail_append,32,8,100,4.1,L02,2.0,38.8,0.19984668012509155,0.300228832951945,0.2,0.3,0.19984668012509155,0.300228832951945,0.6003669947856352,0.32799999999999996,candidate_domain_solve_period,candidate_domain_solve_packet,1.0,13260800.0,414400.0,0.9986422466422467,0.4770775460698775,0.5229224539301225,800.0,0.0,19.0,17.0,2.0,0.0
10,bg32_pdb4_d100_k10.9_seed03_L03,tail_append,32,4,100,10.9,L03,2.0,38.8,0.19984668012509155,0.39908466819221966,0.2,0.4,0.19984668012509155,0.39908466819221966,0.6663279010414835,0.872,candidate_domain_solve_period,candidate_domain_solve_packet,1.0,13260800.0,414400.0,0.8939749694749695,0.5500566470285748,0.4499433529714252,400.0,0.0,20.0,17.0,3.0,0.0
10,bg32_pdb4_d100_k10.9_seed03_L03,hopeless_tail_append,32,4,100,10.9,L03,2.0,38.8,0.19984668012509155,0.39908466819221966,0.2,0.4,0.19984668012509155,0.39908466819221966,0.6663279010414835,0.872,candidate_domain_solve_period,candidate_domain_solve_packet,1.0,13260800.0,414400.0,0.8939749694749695,0.5500566470285748,0.4499433529714252,400.0,0.0,20.0,17.0,3.0,0.0
10,bg32_pdb8_d100_k5.5_seed03_L04,tail_append,32,8,100,5.5,L04,2.0,38.8,0.19984668012509155,0.40274599542334094,0.2,0.4,0.19984668012509155,0.40274599542334094,0.6683552783923122,0.44,candidate_domain_solve_period,candidate_domain_solve_packet,0.8175,13144123.2,410753.85,1.0,0.3733931623931624,0.6266068376068376,800.0,0.1825,19.0,17.0,2.0,0.0
10,bg32_pdb8_d100_k5.5_seed03_L04,hopeless_tail_append,32,8,100,5.5,L04,2.0,38.8,0.19984668012509155,0.40274599542334094,0.2,0.4,0.19984668012509155,0.40274599542334094,0.6683552783923122,0.44,candidate_domain_solve_period,candidate_domain_solve_packet,0.8375,13158100.2,411190.63125,1.0,0.3758156288156288,0.6241843711843712,800.0,0.1625,19.0,17.0,2.0,0.0
10,bg32_pdb4_d100_k12.3_seed03_L05,tail_append,32,4,100,12.3,L05,2.0,38.8,0.19984668012509155,0.45034324942791765,0.2,0.45,0.19984668012509155,0.45034324942791765,0.6926333813529201,0.9840000000000001,candidate_domain_solve_period,candidate_domain_solve_packet,1.0,13260800.0,414400.0,0.9419652014652015,0.5221729439725096,0.47782705602749037,400.0,0.0,20.0,17.0,3.0,0.0
10,bg32_pdb4_d100_k12.3_seed03_L05,hopeless_tail_append,32,4,100,12.3,L05,2.0,38.8,0.19984668012509155,0.45034324942791765,0.2,0.45,0.19984668012509155,0.45034324942791765,0.6926333813529201,0.9840000000000001,candidate_domain_solve_period,candidate_domain_solve_packet,1.0,13260800.0,414400.0,0.9419652014652015,0.5221729439725096,0.47782705602749037,400.0,0.0,20.0,17.0,3.0,0.0
10,bg32_pdb8_d100_k6.1_seed03_L06,tail_append,32,8,100,6.1,L06,2.0,38.8,0.19984668012509155,0.4466819221967963,0.2,0.45,0.19984668012509155,0.4466819221967963,0.6908927471926544,0.488,candidate_domain_solve_period,candidate_domain_solve_packet,0.5425,12985592.0,405799.75,1.0,0.34077289377289377,0.6592271062271062,800.0,0.4575,19.0,17.0,2.0,0.0
10,bg32_pdb8_d100_k6.1_seed03_L06,hopeless_tail_append,32,8,100,6.1,L06,2.0,38.8,0.19984668012509155,0.4466819221967963,0.2,0.45,0.19984668012509155,0.4466819221967963,0.6908927471926544,0.488,candidate_domain_solve_period,candidate_domain_solve_packet,0.54875,12958962.0,404967.5625,1.0,0.33798901098901096,0.662010989010989,800.0,0.45125,19.0,17.0,2.0,0.0
10,bg40_pdb4_d100_k8.2_seed03_L07,tail_append,40,4,100,8.2,L07,2.0,48.5,0.19984668012509152,0.300228832951945,0.2,0.3,0.19984668012509152,0.300228832951945,0.6003669947856352,0.6559999999999999,candidate_domain_solve_period,candidate_domain_solve_packet,1.0,13278951.2,331973.78,0.8134291819291819,0.6116705456406761,0.3883294543593238,400.0,0.0,44.0,41.0,3.0,0.0
10,bg40_pdb4_d100_k8.2_seed03_L07,hopeless_tail_append,40,4,100,8.2,L07,2.0,48.5,0.19984668012509152,0.300228832951945,0.2,0.3,0.19984668012509152,0.300228832951945,0.6003669947856352,0.6559999999999999,candidate_domain_solve_period,candidate_domain_solve_packet,1.0,13278951.2,331973.78,0.8134291819291819,0.6116705456406761,0.3883294543593238,400.0,0.0,44.0,41.0,3.0,0.0
10,bg40_pdb8_d100_k4.1_seed03_L08,tail_append,40,8,100,4.1,L08,2.0,48.5,0.19984668012509152,0.300228832951945,0.2,0.3,0.19984668012509152,0.300228832951945,0.6003669947856352,0.32799999999999996,candidate_domain_solve_period,candidate_domain_solve_packet,1.0,13278033.0,331950.825,0.9989652014652015,0.47898466361711295,0.5210153363828871,800.0,0.0,18.0,17.0,1.0,0.0
10,bg40_pdb8_d100_k4.1_seed03_L08,hopeless_tail_append,40,8,100,4.1,L08,2.0,48.5,0.19984668012509152,0.300228832951945,0.2,0.3,0.19984668012509152,0.300228832951945,0.6003669947856352,0.32799999999999996,candidate_domain_solve_period,candidate_domain_solve_packet,1.0,13278033.0,331950.825,0.9989652014652015,0.47898466361711295,0.5210153363828871,800.0,0.0,18.0,17.0,1.0,0.0
10,bg40_pdb4_d100_k10.9_seed03_L09,tail_append,40,4,100,10.9,L09,2.0,48.5,0.19984668012509152,0.39908466819221966,0.2,0.4,0.19984668012509152,0.39908466819221966,0.6663279010414835,0.872,candidate_domain_solve_period,candidate_domain_solve_packet,1.0,13278951.2,331973.78,0.9009505494505494,0.5508982847447107,0.4491017152552893,400.0,0.0,53.0,48.0,5.0,0.0
10,bg40_pdb4_d100_k10.9_seed03_L09,hopeless_tail_append,40,4,100,10.9,L09,2.0,48.5,0.19984668012509152,0.39908466819221966,0.2,0.4,0.19984668012509152,0.39908466819221966,0.6663279010414835,0.872,candidate_domain_solve_period,candidate_domain_solve_packet,1.0,13278951.2,331973.78,0.9009505494505494,0.5508982847447107,0.4491017152552893,400.0,0.0,53.0,48.0,5.0,0.0
10,bg40_pdb8_d100_k5.5_seed03_L10,tail_append,40,8,100,5.5,L10,2.0,48.5,0.19984668012509152,0.40274599542334094,0.2,0.4,0.19984668012509152,0.40274599542334094,0.6683552783923125,0.44,candidate_domain_solve_period,candidate_domain_solve_packet,0.77125,13255495.6,331387.39,1.0,0.3800152625152625,0.6199847374847375,800.0,0.22875,19.0,17.0,2.0,0.0
10,bg40_pdb8_d100_k5.5_seed03_L10,hopeless_tail_append,40,8,100,5.5,L10,2.0,48.5,0.19984668012509152,0.40274599542334094,0.2,0.4,0.19984668012509152,0.40274599542334094,0.6683552783923125,0.44,candidate_domain_solve_period,candidate_domain_solve_packet,0.75125,13241230.8,331030.77,1.0,0.3776239316239316,0.6223760683760684,800.0,0.24875,19.0,17.0,2.0,0.0
10,bg40_pdb4_d100_k12.3_seed03_L11,tail_append,40,4,100,12.3,L11,2.0,48.5,0.19984668012509152,0.45034324942791765,0.2,0.45,0.19984668012509152,0.45034324942791765,0.6926333813529201,0.9840000000000001,candidate_domain_solve_period,candidate_domain_solve_packet,1.0,13278951.2,331973.78,0.9451422466422467,0.5246744002330535,0.4753255997669466,400.0,0.0,53.0,48.0,5.0,0.0
10,bg40_pdb4_d100_k12.3_seed03_L11,hopeless_tail_append,40,4,100,12.3,L11,2.0,48.5,0.19984668012509152,0.45034324942791765,0.2,0.45,0.19984668012509152,0.45034324942791765,0.6926333813529201,0.9840000000000001,candidate_domain_solve_period,candidate_domain_solve_packet,1.0,13278951.2,331973.78,0.9451422466422467,0.5246744002330535,0.4753255997669466,400.0,0.0,53.0,48.0,5.0,0.0
10,bg40_pdb8_d100_k6.1_seed03_L12,tail_append,40,8,100,6.1,L12,2.0,48.5,0.19984668012509152,0.4466819221967963,0.2,0.45,0.19984668012509152,0.4466819221967963,0.6908927471926546,0.488,candidate_domain_solve_period,candidate_domain_solve_packet,0.47125,13099524.2,327488.105,1.0,0.34723137973137974,0.6527686202686203,800.0,0.52875,19.0,17.0,2.0,0.0
10,bg40_pdb8_d100_k6.1_seed03_L12,hopeless_tail_append,40,8,100,6.1,L12,2.0,48.5,0.19984668012509152,0.4466819221967963,0.2,0.45,0.19984668012509152,0.4466819221967963,0.6908927471926546,0.488,candidate_domain_solve_period,candidate_domain_solve_packet,0.46,13104866.6,327621.665,1.0,0.34694078144078144,0.6530592185592186,800.0,0.54,19.0,17.0,2.0,0.0
10,bg48_pdb4_d100_k8.2_seed03_L13,tail_append,48,4,100,8.2,L13,2.0,58.2,0.19984668012509152,0.300228832951945,0.2,0.3,0.19984668012509152,0.300228832951945,0.6003669947856352,0.6559999999999999,candidate_domain_solve_period,candidate_domain_solve_packet,1.0,13286400.0,276800.0,0.8037319902319903,0.6033742165857838,0.39662578341421617,400.0,0.0,54.0,51.0,3.0,0.0
10,bg48_pdb4_d100_k8.2_seed03_L13,hopeless_tail_append,48,4,100,8.2,L13,2.0,58.2,0.19984668012509152,0.300228832951945,0.2,0.3,0.19984668012509152,0.300228832951945,0.6003669947856352,0.6559999999999999,candidate_domain_solve_period,candidate_domain_solve_packet,1.0,13286400.0,276800.0,0.8037319902319903,0.6033742165857838,0.39662578341421617,400.0,0.0,54.0,51.0,3.0,0.0
10,bg48_pdb8_d100_k4.1_seed03_L14,tail_append,48,8,100,4.1,L14,2.0,58.2,0.19984668012509152,0.300228832951945,0.2,0.3,0.19984668012509152,0.300228832951945,0.6003669947856352,0.32799999999999996,candidate_domain_solve_period,candidate_domain_solve_packet,1.0,13286400.0,276800.0,0.9973064713064713,0.47501756868929007,0.5249824313107099,800.0,0.0,28.0,27.0,1.0,0.0
10,bg48_pdb8_d100_k4.1_seed03_L14,hopeless_tail_append,48,8,100,4.1,L14,2.0,58.2,0.19984668012509152,0.300228832951945,0.2,0.3,0.19984668012509152,0.300228832951945,0.6003669947856352,0.32799999999999996,candidate_domain_solve_period,candidate_domain_solve_packet,1.0,13286400.0,276800.0,0.9973064713064713,0.47501756868929007,0.5249824313107099,800.0,0.0,28.0,27.0,1.0,0.0
10,bg48_pdb4_d100_k10.9_seed03_L15,tail_append,48,4,100,10.9,L15,2.0,58.2,0.19984668012509152,0.39908466819221966,0.2,0.4,0.19984668012509152,0.39908466819221966,0.6663279010414835,0.872,candidate_domain_solve_period,candidate_domain_solve_packet,1.0,13286400.0,276800.0,0.8934896214896215,0.5425250899192093,0.4574749100807906,400.0,0.0,54.0,51.0,3.0,0.0
10,bg48_pdb4_d100_k10.9_seed03_L15,hopeless_tail_append,48,4,100,10.9,L15,2.0,58.2,0.19984668012509152,0.39908466819221966,0.2,0.4,0.19984668012509152,0.39908466819221966,0.6663279010414835,0.872,candidate_domain_solve_period,candidate_domain_solve_packet,1.0,13286400.0,276800.0,0.8934896214896215,0.5425250899192093,0.4574749100807906,400.0,0.0,54.0,51.0,3.0,0.0
10,bg48_pdb8_d100_k5.5_seed03_L16,tail_append,48,8,100,5.5,L16,2.0,58.2,0.19984668012509152,0.40274599542334094,0.2,0.4,0.19984668012509152,0.40274599542334094,0.6683552783923125,0.44,candidate_domain_solve_period,candidate_domain_solve_packet,0.5975,13242033.2,275875.69166666665,1.0,0.3948882783882784,0.6051117216117217,800.0,0.4025,28.0,27.0,1.0,0.0
10,bg48_pdb8_d100_k5.5_seed03_L16,hopeless_tail_append,48,8,100,5.5,L16,2.0,58.2,0.19984668012509152,0.40274599542334094,0.2,0.4,0.19984668012509152,0.40274599542334094,0.6683552783923125,0.44,candidate_domain_solve_period,candidate_domain_solve_packet,0.60875,13238899.9,275810.41458333336,1.0,0.3902924297924298,0.6097075702075702,800.0,0.39125,28.0,27.0,1.0,0.0
10,bg48_pdb4_d100_k12.3_seed03_L17,tail_append,48,4,100,12.3,L17,2.0,58.2,0.19984668012509152,0.45034324942791765,0.2,0.45,0.19984668012509152,0.45034324942791765,0.6926333813529201,0.9840000000000001,candidate_domain_solve_period,candidate_domain_solve_packet,1.0,13286400.0,276800.0,0.9436214896214896,0.5147303532748639,0.48526964672513606,400.0,0.0,55.0,51.0,4.0,0.0
10,bg48_pdb4_d100_k12.3_seed03_L17,hopeless_tail_append,48,4,100,12.3,L17,2.0,58.2,0.19984668012509152,0.45034324942791765,0.2,0.45,0.19984668012509152,0.45034324942791765,0.6926333813529201,0.9840000000000001,candidate_domain_solve_period,candidate_domain_solve_packet,1.0,13286400.0,276800.0,0.9436214896214896,0.5147303532748639,0.48526964672513606,400.0,0.0,55.0,51.0,4.0,0.0
10,bg48_pdb8_d100_k6.1_seed03_L18,tail_append,48,8,100,6.1,L18,2.0,58.2,0.19984668012509152,0.4466819221967963,0.2,0.45,0.19984668012509152,0.4466819221967963,0.6908927471926546,0.488,candidate_domain_solve_period,candidate_domain_solve_packet,0.385,13125164.5,273440.9270833333,1.0,0.3574993894993895,0.6425006105006105,800.0,0.615,28.0,27.0,1.0,0.0
10,bg48_pdb8_d100_k6.1_seed03_L18,hopeless_tail_append,48,8,100,6.1,L18,2.0,58.2,0.19984668012509152,0.4466819221967963,0.2,0.45,0.19984668012509152,0.4466819221967963,0.6908927471926546,0.488,candidate_domain_solve_period,candidate_domain_solve_packet,0.37875,13131979.4,273582.9041666667,1.0,0.35494444444444445,0.6450555555555556,800.0,0.62125,28.0,27.0,1.0,0.0
11,bg32_pdb4_d100_k8.2_seed04_L01,tail_append,32,4,100,8.2,L01,2.0,38.8,0.19984668012509155,0.300228832951945,0.2,0.3,0.19984668012509155,0.300228832951945,0.6003669947856352,0.6559999999999999,candidate_domain_solve_period,candidate_domain_solve_packet,0.58,13260800.0,414400.0,0.9997887667887668,0.4350851889349032,0.5649148110650968,400.0,0.42,75.0,64.0,11.0,0.0
11,bg32_pdb4_d100_k8.2_seed04_L01,hopeless_tail_append,32,4,100,8.2,L01,2.0,38.8,0.19984668012509155,0.300228832951945,0.2,0.3,0.19984668012509155,0.300228832951945,0.6003669947856352,0.6559999999999999,candidate_domain_solve_period,candidate_domain_solve_packet,0.575,13260800.0,414400.0,0.9997887667887668,0.4366007715915572,0.5633992284084428,400.0,0.425,75.0,64.0,11.0,0.0
11,bg32_pdb8_d100_k4.1_seed04_L02,tail_append,32,8,100,4.1,L02,2.0,38.8,0.19984668012509155,0.300228832951945,0.2,0.3,0.19984668012509155,0.300228832951945,0.6003669947856352,0.32799999999999996,candidate_domain_solve_period,candidate_domain_solve_packet,0.9925,13252082.2,414127.56875,0.9997887667887668,0.4103064505689236,0.5896935494310764,800.0,0.0075,83.0,76.0,7.0,0.0
11,bg32_pdb8_d100_k4.1_seed04_L02,hopeless_tail_append,32,8,100,4.1,L02,2.0,38.8,0.19984668012509155,0.300228832951945,0.2,0.3,0.19984668012509155,0.300228832951945,0.6003669947856352,0.32799999999999996,candidate_domain_solve_period,candidate_domain_solve_packet,0.99875,13253795.2,414181.1,0.9997887667887668,0.4125950902937983,0.5874049097062016,800.0,0.00125,83.0,76.0,7.0,0.0
11,bg32_pdb4_d100_k10.9_seed04_L03,tail_append,32,4,100,10.9,L03,2.0,38.8,0.19984668012509155,0.39908466819221966,0.2,0.4,0.19984668012509155,0.39908466819221966,0.6663279010414835,0.872,candidate_domain_solve_period,candidate_domain_solve_packet,0.005,12098011.6,378062.8625,0.9997887667887668,0.2757572722931706,0.7242427277068294,400.0,0.995,90.0,76.0,14.0,0.0
11,bg32_pdb4_d100_k10.9_seed04_L03,hopeless_tail_append,32,4,100,10.9,L03,2.0,38.8,0.19984668012509155,0.39908466819221966,0.2,0.4,0.19984668012509155,0.39908466819221966,0.6663279010414835,0.872,candidate_domain_solve_period,candidate_domain_solve_packet,0.005,12158146.9,379942.090625,0.9997887667887668,0.27969155877859425,0.7203084412214057,400.0,0.995,90.0,76.0,14.0,0.0
11,bg32_pdb8_d100_k5.5_seed04_L04,tail_append,32,8,100,5.5,L04,2.0,38.8,0.19984668012509155,0.40274599542334094,0.2,0.4,0.19984668012509155,0.40274599542334094,0.6683552783923122,0.44,candidate_domain_solve_period,candidate_domain_solve_packet,0.19875,12717361.1,397417.534375,0.9997887667887668,0.30654643777012724,0.6934535622298728,800.0,0.80125,85.0,76.0,9.0,0.0
11,bg32_pdb8_d100_k5.5_seed04_L04,hopeless_tail_append,32,8,100,5.5,L04,2.0,38.8,0.19984668012509155,0.40274599542334094,0.2,0.4,0.19984668012509155,0.40274599542334094,0.6683552783923122,0.44,candidate_domain_solve_period,candidate_domain_solve_packet,0.225,12716760.7,397398.771875,0.9997887667887668,0.3069085411204076,0.6930914588795924,800.0,0.775,85.0,76.0,9.0,0.0
11,bg32_pdb4_d100_k12.3_seed04_L05,tail_append,32,4,100,12.3,L05,2.0,38.8,0.19984668012509155,0.45034324942791765,0.2,0.45,0.19984668012509155,0.45034324942791765,0.6926333813529201,0.9840000000000001,candidate_domain_solve_period,candidate_domain_solve_packet,0.0,9084256.1,283883.003125,0.9997887667887668,0.18449867920818439,0.8155013207918156,400.0,1.0,103.0,88.0,15.0,0.0
11,bg32_pdb4_d100_k12.3_seed04_L05,hopeless_tail_append,32,4,100,12.3,L05,2.0,38.8,0.19984668012509155,0.45034324942791765,0.2,0.45,0.19984668012509155,0.45034324942791765,0.6926333813529201,0.9840000000000001,candidate_domain_solve_period,candidate_domain_solve_packet,0.0,9122594.6,285081.08125,0.9997887667887668,0.18948935489425728,0.8105106451057428,400.0,1.0,103.0,88.0,15.0,0.0
11,bg32_pdb8_d100_k6.1_seed04_L06,tail_append,32,8,100,6.1,L06,2.0,38.8,0.19984668012509155,0.4466819221967963,0.2,0.45,0.19984668012509155,0.4466819221967963,0.6908927471926544,0.488,candidate_domain_solve_period,candidate_domain_solve_packet,0.02875,11378404.3,355575.134375,0.9997887667887668,0.24516472954604573,0.7548352704539543,800.0,0.97125,90.0,79.0,11.0,0.0
11,bg32_pdb8_d100_k6.1_seed04_L06,hopeless_tail_append,32,8,100,6.1,L06,2.0,38.8,0.19984668012509155,0.4466819221967963,0.2,0.45,0.19984668012509155,0.4466819221967963,0.6908927471926544,0.488,candidate_domain_solve_period,candidate_domain_solve_packet,0.03,11427893.7,357121.678125,0.9997887667887668,0.24498642570408646,0.7550135742959135,800.0,0.97,90.0,79.0,11.0,0.0
11,bg40_pdb4_d100_k8.2_seed04_L07,tail_append,40,4,100,8.2,L07,2.0,48.5,0.19984668012509152,0.300228832951945,0.2,0.3,0.19984668012509152,0.300228832951945,0.6003669947856352,0.6559999999999999,candidate_domain_solve_period,candidate_domain_solve_packet,0.29,13274660.0,331866.5,1.0,0.44542368742368743,0.5545763125763126,400.0,0.71,93.0,80.0,13.0,0.0
11,bg40_pdb4_d100_k8.2_seed04_L07,hopeless_tail_append,40,4,100,8.2,L07,2.0,48.5,0.19984668012509152,0.300228832951945,0.2,0.3,0.19984668012509152,0.300228832951945,0.6003669947856352,0.6559999999999999,candidate_domain_solve_period,candidate_domain_solve_packet,0.2825,13274811.2,331870.28,1.0,0.44343223443223445,0.5565677655677655,400.0,0.7175,93.0,80.0,13.0,0.0
11,bg40_pdb8_d100_k4.1_seed04_L08,tail_append,40,8,100,4.1,L08,2.0,48.5,0.19984668012509152,0.300228832951945,0.2,0.3,0.19984668012509152,0.300228832951945,0.6003669947856352,0.32799999999999996,candidate_domain_solve_period,candidate_domain_solve_packet,0.95875,13269062.0,331726.55,1.0,0.4113876678876679,0.5886123321123321,800.0,0.04125,65.0,60.0,5.0,0.0
11,bg40_pdb8_d100_k4.1_seed04_L08,hopeless_tail_append,40,8,100,4.1,L08,2.0,48.5,0.19984668012509152,0.300228832951945,0.2,0.3,0.19984668012509152,0.300228832951945,0.6003669947856352,0.32799999999999996,candidate_domain_solve_period,candidate_domain_solve_packet,0.97,13271360.6,331784.015,1.0,0.40974481074481073,0.5902551892551893,800.0,0.03,65.0,60.0,5.0,0.0
11,bg40_pdb4_d100_k10.9_seed04_L09,tail_append,40,4,100,10.9,L09,2.0,48.5,0.19984668012509152,0.39908466819221966,0.2,0.4,0.19984668012509152,0.39908466819221966,0.6663279010414835,0.872,candidate_domain_solve_period,candidate_domain_solve_packet,0.0,11922197.1,298054.9275,1.0,0.27474236874236874,0.7252576312576312,400.0,1.0,103.0,87.0,16.0,0.0
11,bg40_pdb4_d100_k10.9_seed04_L09,hopeless_tail_append,40,4,100,10.9,L09,2.0,48.5,0.19984668012509152,0.39908466819221966,0.2,0.4,0.19984668012509152,0.39908466819221966,0.6663279010414835,0.872,candidate_domain_solve_period,candidate_domain_solve_packet,0.0,11903914.2,297597.855,1.0,0.27665323565323563,0.7233467643467644,400.0,1.0,103.0,87.0,16.0,0.0
11,bg40_pdb8_d100_k5.5_seed04_L10,tail_append,40,8,100,5.5,L10,2.0,48.5,0.19984668012509152,0.40274599542334094,0.2,0.4,0.19984668012509152,0.40274599542334094,0.6683552783923125,0.44,candidate_domain_solve_period,candidate_domain_solve_packet,0.08625,12675861.6,316896.54,1.0,0.3134932844932845,0.6865067155067155,800.0,0.91375,99.0,90.0,9.0,0.0
11,bg40_pdb8_d100_k5.5_seed04_L10,hopeless_tail_append,40,8,100,5.5,L10,2.0,48.5,0.19984668012509152,0.40274599542334094,0.2,0.4,0.19984668012509152,0.40274599542334094,0.6683552783923125,0.44,candidate_domain_solve_period,candidate_domain_solve_packet,0.1275,12705851.4,317646.285,1.0,0.3135964590964591,0.6864035409035409,800.0,0.8725,99.0,90.0,9.0,0.0
11,bg40_pdb4_d100_k12.3_seed04_L11,tail_append,40,4,100,12.3,L11,2.0,48.5,0.19984668012509152,0.45034324942791765,0.2,0.45,0.19984668012509152,0.45034324942791765,0.6926333813529201,0.9840000000000001,candidate_domain_solve_period,candidate_domain_solve_packet,0.0,8428976.5,210724.4125,1.0,0.18718864468864468,0.8128113553113553,400.0,1.0,105.0,87.0,18.0,0.0
11,bg40_pdb4_d100_k12.3_seed04_L11,hopeless_tail_append,40,4,100,12.3,L11,2.0,48.5,0.19984668012509152,0.45034324942791765,0.2,0.45,0.19984668012509152,0.45034324942791765,0.6926333813529201,0.9840000000000001,candidate_domain_solve_period,candidate_domain_solve_packet,0.0,10482754.0,262068.85,1.0,0.22712759462759463,0.7728724053724054,400.0,1.0,105.0,87.0,18.0,0.0
11,bg40_pdb8_d100_k6.1_seed04_L12,tail_append,40,8,100,6.1,L12,2.0,48.5,0.19984668012509152,0.4466819221967963,0.2,0.45,0.19984668012509152,0.4466819221967963,0.6908927471926546,0.488,candidate_domain_solve_period,candidate_domain_solve_packet,0.01375,11141519.8,278537.995,1.0,0.24394688644688645,0.7560531135531136,800.0,0.98625,99.0,90.0,9.0,0.0
11,bg40_pdb8_d100_k6.1_seed04_L12,hopeless_tail_append,40,8,100,6.1,L12,2.0,48.5,0.19984668012509152,0.4466819221967963,0.2,0.45,0.19984668012509152,0.4466819221967963,0.6908927471926546,0.488,candidate_domain_solve_period,candidate_domain_solve_packet,0.01375,11235331.3,280883.28250000003,1.0,0.24552380952380953,0.7544761904761905,800.0,0.98625,99.0,90.0,9.0,0.0
11,bg48_pdb4_d100_k8.2_seed04_L13,tail_append,48,4,100,8.2,L13,2.0,58.2,0.19984668012509152,0.300228832951945,0.2,0.3,0.19984668012509152,0.300228832951945,0.6003669947856352,0.6559999999999999,candidate_domain_solve_period,candidate_domain_solve_packet,0.2025,13283709.4,276743.94583333336,1.0,0.44725457875457875,0.5527454212454213,400.0,0.7975,80.0,68.0,12.0,0.0
11,bg48_pdb4_d100_k8.2_seed04_L13,hopeless_tail_append,48,4,100,8.2,L13,2.0,58.2,0.19984668012509152,0.300228832951945,0.2,0.3,0.19984668012509152,0.300228832951945,0.6003669947856352,0.6559999999999999,candidate_domain_solve_period,candidate_domain_solve_packet,0.18,13286400.0,276800.0,1.0,0.44891330891330894,0.5510866910866911,400.0,0.82,80.0,68.0,12.0,0.0
11,bg48_pdb8_d100_k4.1_seed04_L14,tail_append,48,8,100,4.1,L14,2.0,58.2,0.19984668012509152,0.300228832951945,0.2,0.3,0.19984668012509152,0.300228832951945,0.6003669947856352,0.32799999999999996,candidate_domain_solve_period,candidate_domain_solve_packet,0.91,13284749.8,276765.62083333335,1.0,0.41512881562881565,0.5848711843711843,800.0,0.09,70.0,63.0,7.0,0.0
11,bg48_pdb8_d100_k4.1_seed04_L14,hopeless_tail_append,48,8,100,4.1,L14,2.0,58.2,0.19984668012509152,0.300228832951945,0.2,0.3,0.19984668012509152,0.300228832951945,0.6003669947856352,0.32799999999999996,candidate_domain_solve_period,candidate_domain_solve_packet,0.91375,13284434.8,276759.05833333335,1.0,0.41575274725274725,0.5842472527472528,800.0,0.08625,70.0,63.0,7.0,0.0
11,bg48_pdb4_d100_k10.9_seed04_L15,tail_append,48,4,100,10.9,L15,2.0,58.2,0.19984668012509152,0.39908466819221966,0.2,0.4,0.19984668012509152,0.39908466819221966,0.6663279010414835,0.872,candidate_domain_solve_period,candidate_domain_solve_packet,0.0,12062135.3,251294.48541666666,1.0,0.2768919413919414,0.7231080586080586,400.0,1.0,105.0,89.0,16.0,0.0
11,bg48_pdb4_d100_k10.9_seed04_L15,hopeless_tail_append,48,4,100,10.9,L15,2.0,58.2,0.19984668012509152,0.39908466819221966,0.2,0.4,0.19984668012509152,0.39908466819221966,0.6663279010414835,0.872,candidate_domain_solve_period,candidate_domain_solve_packet,0.0,12099229.1,252067.27291666667,1.0,0.27915873015873016,0.7208412698412698,400.0,1.0,105.0,89.0,16.0,0.0
11,bg48_pdb8_d100_k5.5_seed04_L16,tail_append,48,8,100,5.5,L16,2.0,58.2,0.19984668012509152,0.40274599542334094,0.2,0.4,0.19984668012509152,0.40274599542334094,0.6683552783923125,0.44,candidate_domain_solve_period,candidate_domain_solve_packet,0.0725,12877016.4,268271.175,1.0,0.3165006105006105,0.6834993894993895,800.0,0.9275,100.0,90.0,10.0,0.0
11,bg48_pdb8_d100_k5.5_seed04_L16,hopeless_tail_append,48,8,100,5.5,L16,2.0,58.2,0.19984668012509152,0.40274599542334094,0.2,0.4,0.19984668012509152,0.40274599542334094,0.6683552783923125,0.44,candidate_domain_solve_period,candidate_domain_solve_packet,0.05625,12841692.4,267535.25833333336,1.0,0.31553785103785104,0.684462148962149,800.0,0.94375,100.0,90.0,10.0,0.0
11,bg48_pdb4_d100_k12.3_seed04_L17,tail_append,48,4,100,12.3,L17,2.0,58.2,0.19984668012509152,0.45034324942791765,0.2,0.45,0.19984668012509152,0.45034324942791765,0.6926333813529201,0.9840000000000001,candidate_domain_solve_period,candidate_domain_solve_packet,0.0,9826560.9,204720.01875,1.0,0.2088937728937729,0.7911062271062271,400.0,1.0,110.0,92.0,18.0,0.0
11,bg48_pdb4_d100_k12.3_seed04_L17,hopeless_tail_append,48,4,100,12.3,L17,2.0,58.2,0.19984668012509152,0.45034324942791765,0.2,0.45,0.19984668012509152,0.45034324942791765,0.6926333813529201,0.9840000000000001,candidate_domain_solve_period,candidate_domain_solve_packet,0.0,10475079.3,218230.81875,1.0,0.2421971916971917,0.7578028083028083,400.0,1.0,110.0,92.0,18.0,0.0
11,bg48_pdb8_d100_k6.1_seed04_L18,tail_append,48,8,100,6.1,L18,2.0,58.2,0.19984668012509152,0.4466819221967963,0.2,0.45,0.19984668012509152,0.4466819221967963,0.6908927471926546,0.488,candidate_domain_solve_period,candidate_domain_solve_packet,0.0125,11187957.0,233082.4375,1.0,0.2462210012210012,0.7537789987789988,800.0,0.9875,105.0,95.0,10.0,0.0
11,bg48_pdb8_d100_k6.1_seed04_L18,hopeless_tail_append,48,8,100,6.1,L18,2.0,58.2,0.19984668012509152,0.4466819221967963,0.2,0.45,0.19984668012509152,0.4466819221967963,0.6908927471926546,0.488,candidate_domain_solve_period,candidate_domain_solve_packet,0.0125,11222658.1,233805.37708333333,1.0,0.24231623931623933,0.7576837606837606,800.0,0.9875,105.0,95.0,10.0,0.0
