seed,scenario_id,policy,background_user_count,pdb_user_count,pdb_ms,pdb_packet_kb,edge_pdb_satisfaction_rate,center_agg_rate_bps,center_avg_rate_bps,prb_utilization,center_prb_share,edge_prb_share,pdb_arrivals_in_window,pdb_violation_rate,target_edge_completion_delay_ms,target_edge_queue_wait_ms,target_edge_service_time_ms,edge_backlog_bits
7,bg24_pdb4_d100_k50_seed00,tail_append,24,4,100,50,0.0,1723234.1,71801.42083333334,0.9994957264957265,0.032615348154808224,0.9673846518451917,400.0,1.0,105.0,80.0,25.0,30644443.0
7,bg24_pdb4_d100_k50_seed00,hopeless_front_insert,24,4,100,50,0.0,1024612.6,42692.191666666666,0.9994957264957265,0.021716079048409026,0.978283920951591,400.0,1.0,104.0,79.0,25.0,40567022.0
7,bg24_pdb4_d100_k150_seed00,tail_append,24,4,100,150,0.0,8204940.0,341872.5,0.9994957264957265,0.1566174395635406,0.8433825604364594,400.0,1.0,603.0,525.0,78.0,370351237.0
7,bg24_pdb4_d100_k150_seed00,hopeless_front_insert,24,4,100,150,0.0,1019683.6,42486.816666666666,0.9994957264957265,0.021693479129280088,0.9783065208707199,400.0,1.0,0.0,11853.0,102.0,370548946.0
7,bg24_pdb4_d100_k300_seed00,tail_append,24,4,100,300,0.0,8204940.0,341872.5,0.9994957264957265,0.1566174395635406,0.8433825604364594,400.0,1.0,1053.0,873.0,180.0,850503845.0
7,bg24_pdb4_d100_k300_seed00,hopeless_front_insert,24,4,100,300,0.0,1019683.6,42486.816666666666,0.9994957264957265,0.021693479129280088,0.9783065208707199,400.0,1.0,0.0,11888.0,67.0,850438364.0
7,bg24_pdb4_d300_k50_seed00,tail_append,24,4,300,50,0.6439393939393939,22926085.6,955253.5666666667,0.9956800976800977,0.5149369314572598,0.4850630685427402,132.0,0.3560606060606061,133.0,110.0,23.0,0.0
7,bg24_pdb4_d300_k50_seed00,hopeless_front_insert,24,4,300,50,0.6515151515151515,22940956.8,955873.2,0.9956800976800977,0.5130318764087106,0.4869681235912894,132.0,0.3484848484848485,133.0,110.0,23.0,0.0
7,bg24_pdb4_d300_k150_seed00,tail_append,24,4,300,150,0.0,9510333.5,396263.8958333333,0.9956800976800977,0.1844316473361113,0.8155683526638887,132.0,1.0,299.0,239.0,60.0,57934498.0
7,bg24_pdb4_d300_k150_seed00,hopeless_front_insert,24,4,300,150,0.0,2016381.2,84015.88333333333,0.9956800976800977,0.046622650718243154,0.9533773492817569,132.0,1.0,300.0,241.0,59.0,33335514.0
7,bg24_pdb4_d300_k300_seed00,tail_append,24,4,300,300,0.0,1867780.0,77824.16666666667,0.9956800976800977,0.04475254518297603,0.955247454817024,132.0,1.0,988.0,837.0,151.0,209447323.0
7,bg24_pdb4_d300_k300_seed00,hopeless_front_insert,24,4,300,300,0.0,1725382.8,71890.95,0.9956800976800977,0.042111097758080696,0.9578889022419194,132.0,1.0,503.0,354.0,149.0,202001490.0
7,bg24_pdb4_d500_k50_seed00,tail_append,24,4,500,50,1.0,23078400.0,961600.0,0.9733870573870574,0.7027316721943191,0.29726832780568085,80.0,0.0,133.0,109.0,24.0,0.0
7,bg24_pdb4_d500_k50_seed00,hopeless_front_insert,24,4,500,50,1.0,23078400.0,961600.0,0.9733870573870574,0.7027316721943191,0.29726832780568085,80.0,0.0,133.0,109.0,24.0,0.0
7,bg24_pdb4_d500_k150_seed00,tail_append,24,4,500,150,0.0125,7180923.4,299205.14166666666,0.9956800976800977,0.1373522003477783,0.8626477996522217,80.0,0.9875,493.0,415.0,78.0,0.0
7,bg24_pdb4_d500_k150_seed00,hopeless_front_insert,24,4,500,150,0.0125,6786787.0,282782.7916666667,0.9956800976800977,0.12751483208291742,0.8724851679170826,80.0,0.9875,489.0,407.0,82.0,0.0
7,bg24_pdb4_d500_k300_seed00,tail_append,24,4,500,300,0.0,2294844.7,95618.52916666667,0.9956800976800977,0.056185941221050154,0.9438140587789499,80.0,1.0,11814.0,11654.0,160.0,77799930.0
7,bg24_pdb4_d500_k300_seed00,hopeless_front_insert,24,4,500,300,0.0,2157300.3,89887.5125,0.9956800976800977,0.05369164964155289,0.9463083503584471,80.0,1.0,718.0,541.0,177.0,71221629.0
7,bg24_pdb10_d100_k50_seed00,tail_append,24,10,100,50,0.0,1032690.1,43028.754166666666,0.9994957264957265,0.020608683011091065,0.9793913169889089,1000.0,1.0,184.0,141.0,43.0,304805825.0
7,bg24_pdb10_d100_k50_seed00,hopeless_front_insert,24,10,100,50,0.0,978152.6,40756.35833333333,0.9994957264957265,0.019792642687948867,0.9802073573120511,1000.0,1.0,0.0,11942.0,18.0,320278751.0
7,bg24_pdb10_d100_k150_seed00,tail_append,24,10,100,150,0.0,1032690.1,43028.754166666666,0.9994957264957265,0.020608683011091065,0.9793913169889089,1000.0,1.0,523.0,369.0,154.0,1105270996.0
7,bg24_pdb10_d100_k150_seed00,hopeless_front_insert,24,10,100,150,0.0,976553.9,40689.745833333334,0.9994957264957265,0.019903809857718238,0.9800961901422818,1000.0,1.0,0.0,11942.0,18.0,1121667556.0
7,bg24_pdb10_d100_k300_seed00,tail_append,24,10,100,300,0.0,1032690.1,43028.754166666666,0.9994957264957265,0.020608683011091065,0.9793913169889089,1000.0,1.0,1028.0,709.0,319.0,2305271603.0
7,bg24_pdb10_d100_k300_seed00,hopeless_front_insert,24,10,100,300,0.0,976553.9,40689.745833333334,0.9994957264957265,0.019903809857718238,0.9800961901422818,1000.0,1.0,0.0,11942.0,18.0,2321722038.0
7,bg24_pdb10_d300_k50_seed00,tail_append,24,10,300,50,0.0,4129238.0,172051.58333333334,0.99792673992674,0.07170238173894106,0.9282976182610589,331.0,1.0,318.0,257.0,61.0,38251870.0
7,bg24_pdb10_d300_k50_seed00,hopeless_front_insert,24,10,300,50,0.0,1648522.1,68688.42083333334,0.99792673992674,0.03713376450810105,0.962866235491899,331.0,1.0,308.0,245.0,63.0,40467321.0
7,bg24_pdb10_d300_k150_seed00,tail_append,24,10,300,150,0.0,1611760.2,67156.675,0.99792673992674,0.036383123985992936,0.963616876014007,331.0,1.0,780.0,607.0,173.0,284797676.0
7,bg24_pdb10_d300_k150_seed00,hopeless_front_insert,24,10,300,150,0.0,1533303.4,63887.64166666667,0.99792673992674,0.03516142135954641,0.9648385786404536,331.0,1.0,8589.0,8406.0,183.0,302918267.0
7,bg24_pdb10_d300_k300_seed00,tail_append,24,10,300,300,0.0,1611760.2,67156.675,0.99792673992674,0.036383123985992936,0.963616876014007,331.0,1.0,1498.0,1192.0,306.0,680878635.0
7,bg24_pdb10_d300_k300_seed00,hopeless_front_insert,24,10,300,300,0.0,1542906.8,64287.78333333333,0.99792673992674,0.03562881285008479,0.9643711871499152,331.0,1.0,0.0,11765.0,150.0,721218834.0
7,bg24_pdb10_d500_k50_seed00,tail_append,24,10,500,50,0.04,7808913.1,325371.37916666665,0.9958449328449328,0.1316293463561048,0.8683706536438952,200.0,0.96,469.0,422.0,47.0,0.0
7,bg24_pdb10_d500_k50_seed00,hopeless_front_insert,24,10,500,50,0.04,3368602.1,140358.42083333334,0.9958449328449328,0.0706016574362093,0.9293983425637907,200.0,0.96,470.0,418.0,52.0,0.0
7,bg24_pdb10_d500_k150_seed00,tail_append,24,10,500,150,0.0,2224584.7,92691.02916666666,0.9958449328449328,0.05089462075019893,0.9491053792498011,200.0,1.0,2664.0,2507.0,157.0,155497194.0
7,bg24_pdb10_d500_k150_seed00,hopeless_front_insert,24,10,500,150,0.0,2075742.7,86489.27916666667,0.9958449328449328,0.04872381825828197,0.951276181741718,200.0,1.0,748.0,591.0,157.0,151941115.0
7,bg24_pdb10_d500_k300_seed00,tail_append,24,10,500,300,0.0,2224584.7,92691.02916666666,0.9958449328449328,0.05089462075019893,0.9491053792498011,200.0,1.0,5935.0,5624.0,311.0,395610643.0
7,bg24_pdb10_d500_k300_seed00,hopeless_front_insert,24,10,500,300,0.0,2074143.5,86422.64583333333,0.9958449328449328,0.04890344128288848,0.9510965587171115,200.0,1.0,0.0,11684.0,156.0,406611231.0
7,bg24_pdb16_d100_k50_seed00,tail_append,24,16,100,50,0.0,944579.3,39357.47083333333,1.0,0.018333943833943833,0.9816660561660562,1600.0,1.0,969.0,936.0,33.0,547097478.0
7,bg24_pdb16_d100_k50_seed00,hopeless_front_insert,24,16,100,50,0.0,768607.7,32025.32083333333,1.0,0.015470695970695971,0.984529304029304,1600.0,1.0,129.0,103.0,26.0,512930616.0
7,bg24_pdb16_d100_k150_seed00,tail_append,24,16,100,150,0.0,944579.3,39357.47083333333,1.0,0.018333943833943833,0.9816660561660562,1600.0,1.0,0.0,11949.0,46.0,1827277181.0
7,bg24_pdb16_d100_k150_seed00,hopeless_front_insert,24,16,100,150,0.0,173411.6,7225.483333333334,1.0,0.003691086691086691,0.9963089133089134,1600.0,1.0,0.0,11954.0,41.0,1781267705.0
7,bg24_pdb16_d100_k300_seed00,tail_append,24,16,100,300,0.0,944579.3,39357.47083333333,1.0,0.018333943833943833,0.9816660561660562,1600.0,1.0,0.0,11958.0,37.0,3747214522.0
7,bg24_pdb16_d100_k300_seed00,hopeless_front_insert,24,16,100,300,0.0,144032.4,6001.35,1.0,0.003191086691086691,0.9968089133089133,1600.0,1.0,0.0,11956.0,39.0,3700767641.0
7,bg24_pdb16_d300_k50_seed00,tail_append,24,16,300,50,0.0018796992481203006,1515676.5,63153.1875,1.0,0.03133089133089133,0.9686691086691087,532.0,0.9981203007518797,334.0,298.0,36.0,117703662.0
7,bg24_pdb16_d300_k50_seed00,hopeless_front_insert,24,16,300,50,0.0018796992481203006,1429374.5,59557.270833333336,1.0,0.030004884004884005,0.969995115995116,532.0,0.9981203007518797,309.0,275.0,34.0,112270749.0
7,bg24_pdb16_d300_k150_seed00,tail_append,24,16,300,150,0.0,1423021.5,59292.5625,1.0,0.02978937728937729,0.9702106227106227,532.0,1.0,449.0,376.0,73.0,533961418.0
7,bg24_pdb16_d300_k150_seed00,hopeless_front_insert,24,16,300,150,0.0,1266109.2,52754.55,1.0,0.02748229548229548,0.9725177045177045,532.0,1.0,0.0,11926.0,64.0,519769154.0
7,bg24_pdb16_d300_k300_seed00,tail_append,24,16,300,300,0.0,1418181.8,59090.90833333333,1.0,0.029713675213675215,0.9702863247863248,532.0,1.0,690.0,539.0,151.0,1163047599.0
7,bg24_pdb16_d300_k300_seed00,hopeless_front_insert,24,16,300,300,0.0,672161.6,28006.733333333334,1.0,0.01544017094017094,0.9845598290598291,532.0,1.0,0.0,11927.0,63.0,1179644293.0
7,bg24_pdb16_d500_k50_seed00,tail_append,24,16,500,50,0.0125,2420629.7,100859.57083333333,0.9958449328449328,0.05266878127310424,0.9473312187268957,320.0,0.9875,489.0,444.0,45.0,34389226.0
7,bg24_pdb16_d500_k50_seed00,hopeless_front_insert,24,16,500,50,0.009375,2152525.3,89688.55416666667,0.9958449328449328,0.048549712664465415,0.9514502873355346,320.0,0.990625,494.0,445.0,49.0,32074153.0
7,bg24_pdb16_d500_k150_seed00,tail_append,24,16,500,150,0.0,2155744.1,89822.67083333334,0.9958449328449328,0.048258514928328576,0.9517414850716714,320.0,1.0,0.0,11732.0,108.0,270203026.0
7,bg24_pdb16_d500_k150_seed00,hopeless_front_insert,24,16,500,150,0.0,2010061.1,83752.54583333334,0.9958449328449328,0.04554639117112986,0.9544536088288701,320.0,1.0,0.0,11734.0,106.0,287121629.0
7,bg24_pdb16_d500_k300_seed00,tail_append,24,16,500,300,0.0,2155744.1,89822.67083333334,0.9958449328449328,0.048258514928328576,0.9517414850716714,320.0,1.0,0.0,11791.0,49.0,647284926.0
7,bg24_pdb16_d500_k300_seed00,hopeless_front_insert,24,16,500,300,0.0,1827732.2,76155.50833333333,0.9958449328449328,0.04201830070488244,0.9579816992951176,320.0,1.0,0.0,11735.0,105.0,646527044.0
8,bg24_pdb4_d100_k50_seed01,tail_append,24,4,100,50,0.0025,8583095.6,357628.98333333334,1.0,0.1923962148962149,0.807603785103785,400.0,0.9975,80.0,71.0,9.0,96994173.0
8,bg24_pdb4_d100_k50_seed01,hopeless_front_insert,24,4,100,50,0.0025,1005271.3,41886.30416666667,1.0,0.023486568986568986,0.976513431013431,400.0,0.9975,80.0,71.0,9.0,52314454.0
8,bg24_pdb4_d100_k150_seed01,tail_append,24,4,100,150,0.0,6845588.6,285232.85833333334,1.0,0.15384798534798536,0.8461520146520146,400.0,1.0,128.0,99.0,29.0,319898252.0
8,bg24_pdb4_d100_k150_seed01,hopeless_front_insert,24,4,100,150,0.0,909203.2,37883.46666666667,1.0,0.021775335775335775,0.9782246642246643,400.0,1.0,129.0,100.0,29.0,305118494.0
8,bg24_pdb4_d100_k300_seed01,tail_append,24,4,100,300,0.0,1035312.5,43138.020833333336,1.0,0.024555555555555556,0.9754444444444444,400.0,1.0,184.0,130.0,54.0,754571881.0
8,bg24_pdb4_d100_k300_seed01,hopeless_front_insert,24,4,100,300,0.0,906023.6,37750.98333333333,1.0,0.021645299145299144,0.9783547008547009,400.0,1.0,203.0,145.0,58.0,732598203.0
8,bg24_pdb4_d300_k50_seed01,tail_append,24,4,300,50,0.25925925925925924,15335224.7,638967.6958333333,1.0,0.3133040293040293,0.6866959706959707,135.0,0.7407407407407407,130.0,116.0,14.0,0.0
8,bg24_pdb4_d300_k50_seed01,hopeless_front_insert,24,4,300,50,0.28888888888888886,15177050.8,632377.1166666667,1.0,0.308956043956044,0.6910439560439561,135.0,0.7111111111111111,130.0,116.0,14.0,0.0
8,bg24_pdb4_d300_k150_seed01,tail_append,24,4,300,150,0.007407407407407408,1542056.6,64252.35833333333,1.0,0.0390054945054945,0.9609945054945055,135.0,0.9925925925925926,283.0,245.0,38.0,61773878.0
8,bg24_pdb4_d300_k150_seed01,hopeless_front_insert,24,4,300,150,0.007407407407407408,1413294.8,58887.28333333333,1.0,0.03661660561660562,0.9633833943833944,135.0,0.9925925925925926,283.0,245.0,38.0,62986911.0
8,bg24_pdb4_d300_k300_seed01,tail_append,24,4,300,300,0.0,1508377.9,62849.07916666667,1.0,0.0383028083028083,0.9616971916971917,135.0,1.0,325.0,265.0,60.0,244099165.0
8,bg24_pdb4_d300_k300_seed01,hopeless_front_insert,24,4,300,300,0.0,1353978.6,56415.775,1.0,0.03490598290598291,0.9650940170940171,135.0,1.0,315.0,258.0,57.0,189761062.0
8,bg24_pdb4_d500_k50_seed01,tail_append,24,4,500,50,0.575,22525244.4,938551.85,0.9993516483516484,0.6020417389051999,0.39795826109480015,80.0,0.425,245.0,199.0,46.0,0.0
8,bg24_pdb4_d500_k50_seed01,hopeless_front_insert,24,4,500,50,0.625,22527928.8,938663.7,0.9993516483516484,0.601975151166385,0.39802484883361494,80.0,0.375,245.0,199.0,46.0,0.0
8,bg24_pdb4_d500_k150_seed01,tail_append,24,4,500,150,0.0,12094786.2,503949.425,0.9999297924297924,0.276599394951416,0.723400605048584,80.0,1.0,540.0,413.0,127.0,19685901.0
8,bg24_pdb4_d500_k150_seed01,hopeless_front_insert,24,4,500,150,0.0,2512479.5,104686.64583333333,0.9999297924297924,0.07004765291824518,0.9299523470817548,80.0,1.0,530.0,403.0,127.0,8452550.0
8,bg24_pdb4_d500_k300_seed01,tail_append,24,4,500,300,0.0,2350846.5,97951.9375,0.9999297924297924,0.06499357402992273,0.9350064259700772,80.0,1.0,804.0,559.0,245.0,70995991.0
8,bg24_pdb4_d500_k300_seed01,hopeless_front_insert,24,4,500,300,0.0,2186113.4,91088.05833333333,0.9999297924297924,0.06107999035341309,0.938920009646587,80.0,1.0,670.0,462.0,208.0,115645453.0
8,bg24_pdb10_d100_k50_seed01,tail_append,24,10,100,50,0.001,962026.2,40084.425,1.0,0.022426129426129426,0.9775738705738706,1000.0,0.999,94.0,84.0,10.0,312857663.0
8,bg24_pdb10_d100_k50_seed01,hopeless_front_insert,24,10,100,50,0.001,893160.7,37215.02916666667,1.0,0.021177655677655678,0.9788223443223443,1000.0,0.999,98.0,87.0,11.0,288991155.0
8,bg24_pdb10_d100_k150_seed01,tail_append,24,10,100,150,0.0,3305909.4,137746.225,1.0,0.07029426129426129,0.9297057387057387,1000.0,1.0,144.0,114.0,30.0,1121994144.0
8,bg24_pdb10_d100_k150_seed01,hopeless_front_insert,24,10,100,150,0.0,882052.2,36752.175,1.0,0.02083821733821734,0.9791617826617827,1000.0,1.0,133.0,102.0,31.0,1041436797.0
8,bg24_pdb10_d100_k300_seed01,tail_append,24,10,100,300,0.0,3303653.4,137652.225,1.0,0.06994383394383394,0.930056166056166,1000.0,1.0,0.0,11963.0,37.0,2321715371.0
8,bg24_pdb10_d100_k300_seed01,hopeless_front_insert,24,10,100,300,0.0,877304.6,36554.35833333334,1.0,0.0208015873015873,0.9791984126984127,1000.0,1.0,0.0,11950.0,50.0,2334158189.0
8,bg24_pdb10_d300_k50_seed01,tail_append,24,10,300,50,0.0029940119760479044,1477198.6,61549.941666666666,1.0,0.03675335775335775,0.9632466422466422,334.0,0.9970059880239521,149.0,138.0,11.0,56516985.0
8,bg24_pdb10_d300_k50_seed01,hopeless_front_insert,24,10,300,50,0.0029940119760479044,1371662.6,57152.60833333334,1.0,0.03478876678876679,0.9652112332112333,334.0,0.9970059880239521,149.0,138.0,11.0,53333371.0
8,bg24_pdb10_d300_k150_seed01,tail_append,24,10,300,150,0.0029940119760479044,1616497.6,67354.06666666667,1.0,0.0397026862026862,0.9602973137973138,334.0,0.9970059880239521,299.0,268.0,31.0,334035607.0
8,bg24_pdb10_d300_k150_seed01,hopeless_front_insert,24,10,300,150,0.0029940119760479044,1345943.9,56080.995833333334,1.0,0.034224053724053724,0.9657759462759463,334.0,0.9970059880239521,298.0,268.0,30.0,313599241.0
8,bg24_pdb10_d300_k300_seed01,tail_append,24,10,300,300,0.0,1409860.8,58744.2,1.0,0.03517460317460318,0.9648253968253968,334.0,1.0,395.0,337.0,58.0,737901809.0
8,bg24_pdb10_d300_k300_seed01,hopeless_front_insert,24,10,300,300,0.0,1320432.5,55018.020833333336,1.0,0.03368009768009768,0.9663199023199023,334.0,1.0,328.0,274.0,54.0,675727576.0
8,bg24_pdb10_d500_k50_seed01,tail_append,24,10,500,50,0.01,2382854.6,99285.60833333334,0.9999297924297924,0.06448682294544489,0.9355131770545552,200.0,0.99,344.0,295.0,49.0,10927083.0
8,bg24_pdb10_d500_k50_seed01,hopeless_front_insert,24,10,500,50,0.01,2200504.7,91687.69583333333,0.9999297924297924,0.060781434594003855,0.9392185654059961,200.0,0.99,344.0,295.0,49.0,10281694.0
8,bg24_pdb10_d500_k150_seed01,tail_append,24,10,500,150,0.0,2438161.0,101590.04166666667,0.9999297924297924,0.06546735576673576,0.9345326442332642,200.0,1.0,580.0,462.0,118.0,156084989.0
8,bg24_pdb10_d500_k150_seed01,hopeless_front_insert,24,10,500,150,0.0,2065989.1,86082.87916666667,0.9999297924297924,0.05574567200993965,0.9442543279900604,200.0,1.0,540.0,428.0,112.0,173094222.0
8,bg24_pdb10_d500_k300_seed01,tail_append,24,10,500,300,0.0,6647503.2,276979.3,0.9999297924297924,0.1549119748944523,0.8450880251055477,200.0,1.0,1679.0,1434.0,245.0,385519119.0
8,bg24_pdb10_d500_k300_seed01,hopeless_front_insert,24,10,500,300,0.0,1821259.4,75885.80833333333,0.9999297924297924,0.05160496616062788,0.9483950338393721,200.0,1.0,718.0,510.0,208.0,401153017.0
8,bg24_pdb16_d100_k50_seed01,tail_append,24,16,100,50,0.0,922024.5,38417.6875,1.0,0.020114163614163613,0.9798858363858364,1600.0,1.0,760.0,747.0,13.0,517745418.0
8,bg24_pdb16_d100_k50_seed01,hopeless_front_insert,24,16,100,50,0.0,206616.4,8609.016666666666,1.0,0.0044761904761904765,0.9955238095238095,1600.0,1.0,118.0,107.0,11.0,571128187.0
8,bg24_pdb16_d100_k150_seed01,tail_append,24,16,100,150,0.0,922024.5,38417.6875,1.0,0.020114163614163613,0.9798858363858364,1600.0,1.0,10735.0,10691.0,44.0,1779469783.0
8,bg24_pdb16_d100_k150_seed01,hopeless_front_insert,24,16,100,150,0.0,198729.6,8280.4,1.0,0.004469474969474969,0.9955305250305251,1600.0,1.0,0.0,11978.0,22.0,1853280362.0
8,bg24_pdb16_d100_k300_seed01,tail_append,24,16,100,300,0.0,922024.5,38417.6875,1.0,0.020114163614163613,0.9798858363858364,1600.0,1.0,0.0,11974.0,26.0,3698848606.0
8,bg24_pdb16_d100_k300_seed01,hopeless_front_insert,24,16,100,300,0.0,196984.6,8207.691666666668,1.0,0.0044523809523809525,0.995547619047619,1600.0,1.0,0.0,11967.0,33.0,3773446898.0
8,bg24_pdb16_d300_k50_seed01,tail_append,24,16,300,50,0.001869158878504673,1273911.5,53079.645833333336,1.0,0.02977106227106227,0.9702289377289377,535.0,0.9981308411214953,208.0,197.0,11.0,131097026.0
8,bg24_pdb16_d300_k50_seed01,hopeless_front_insert,24,16,300,50,0.001869158878504673,1243664.9,51819.370833333334,1.0,0.029745421245421247,0.9702545787545788,535.0,0.9981308411214953,200.0,190.0,10.0,104223098.0
8,bg24_pdb16_d300_k150_seed01,tail_append,24,16,300,150,0.0,1296426.2,54017.75833333333,1.0,0.03051892551892552,0.9694810744810745,535.0,1.0,10564.0,10534.0,30.0,509698514.0
8,bg24_pdb16_d300_k150_seed01,hopeless_front_insert,24,16,300,150,0.0,1197084.9,49878.5375,1.0,0.02878083028083028,0.9712191697191698,535.0,1.0,318.0,284.0,34.0,496417916.0
8,bg24_pdb16_d300_k300_seed01,tail_append,24,16,300,300,0.0,1296426.2,54017.75833333333,1.0,0.03051892551892552,0.9694810744810745,535.0,1.0,0.0,11972.0,23.0,1125650111.0
8,bg24_pdb16_d300_k300_seed01,hopeless_front_insert,24,16,300,300,0.0,1189163.3,49548.47083333333,1.0,0.028777777777777777,0.9712222222222222,535.0,1.0,393.0,332.0,61.0,1156623667.0
8,bg24_pdb16_d500_k50_seed01,tail_append,24,16,500,50,0.00625,2153984.9,89749.37083333333,1.0,0.0544053724053724,0.9455946275946276,320.0,0.99375,540.0,461.0,79.0,58918377.0
8,bg24_pdb16_d500_k50_seed01,hopeless_front_insert,24,16,500,50,0.00625,2072485.2,86353.55,1.0,0.05247496947496948,0.9475250305250306,320.0,0.99375,508.0,439.0,69.0,52218390.0
8,bg24_pdb16_d500_k150_seed01,tail_append,24,16,500,150,0.0,1779626.3,74151.09583333334,1.0,0.04724664224664225,0.9527533577533578,320.0,1.0,0.0,11812.0,173.0,285337322.0
8,bg24_pdb16_d500_k150_seed01,hopeless_front_insert,24,16,500,150,0.0,1704454.5,71018.9375,1.0,0.045456654456654456,0.9545433455433455,320.0,1.0,0.0,11807.0,178.0,272300927.0
8,bg24_pdb16_d500_k300_seed01,tail_append,24,16,500,300,0.0,1779626.3,74151.09583333334,1.0,0.04724664224664225,0.9527533577533578,320.0,1.0,0.0,11859.0,126.0,672304079.0
8,bg24_pdb16_d500_k300_seed01,hopeless_front_insert,24,16,500,300,0.0,1669228.6,69551.19166666667,1.0,0.044637362637362635,0.9553626373626374,320.0,1.0,0.0,11781.0,204.0,641878485.0
9,bg24_pdb4_d100_k50_seed02,tail_append,24,4,100,50,0.0025,1529264.6,63719.35833333334,1.0,0.03076923076923077,0.9692307692307692,400.0,0.9975,84.0,74.0,10.0,67961719.0
9,bg24_pdb4_d100_k50_seed02,hopeless_front_insert,24,4,100,50,0.0025,979855.2,40827.3,1.0,0.021738095238095237,0.9782619047619048,400.0,0.9975,84.0,71.0,13.0,68804558.0
9,bg24_pdb4_d100_k150_seed02,tail_append,24,4,100,150,0.0,1178747.1,49114.4625,1.0,0.02534798534798535,0.9746520146520147,400.0,1.0,134.0,103.0,31.0,323860355.0
9,bg24_pdb4_d100_k150_seed02,hopeless_front_insert,24,4,100,150,0.0,934886.5,38953.604166666664,1.0,0.020526251526251527,0.9794737484737485,400.0,1.0,125.0,92.0,33.0,325430548.0
9,bg24_pdb4_d100_k300_seed02,tail_append,24,4,100,300,0.0,1031311.1,42971.29583333333,1.0,0.022477411477411478,0.9775225885225886,400.0,1.0,244.0,176.0,68.0,793127894.0
9,bg24_pdb4_d100_k300_seed02,hopeless_front_insert,24,4,100,300,0.0,915798.0,38158.25,1.0,0.020315018315018314,0.9796849816849816,400.0,1.0,213.0,144.0,69.0,780723214.0
9,bg24_pdb4_d300_k50_seed02,tail_append,24,4,300,50,0.022388059701492536,8422101.7,350920.9041666667,1.0,0.16734493284493285,0.8326550671550672,134.0,0.9776119402985075,148.0,133.0,15.0,0.0
9,bg24_pdb4_d300_k50_seed02,hopeless_front_insert,24,4,300,50,0.17164179104477612,8609457.5,358727.3958333333,1.0,0.15627350427350428,0.8437264957264957,134.0,0.8283582089552238,148.0,133.0,15.0,0.0
9,bg24_pdb4_d300_k150_seed02,tail_append,24,4,300,150,0.007462686567164179,4536607.9,189025.32916666666,1.0,0.08468864468864469,0.9153113553113553,134.0,0.9925373134328358,275.0,238.0,37.0,76372030.0
9,bg24_pdb4_d300_k150_seed02,hopeless_front_insert,24,4,300,150,0.007462686567164179,1456509.0,60687.875,1.0,0.036130647130647134,0.9638693528693528,134.0,0.9925373134328358,275.0,237.0,38.0,72868138.0
9,bg24_pdb4_d300_k300_seed02,tail_append,24,4,300,300,0.0,1611829.8,67159.575,1.0,0.03878083028083028,0.9612191697191698,134.0,1.0,334.0,269.0,65.0,200450928.0
9,bg24_pdb4_d300_k300_seed02,hopeless_front_insert,24,4,300,300,0.0,1381362.8,57556.78333333333,1.0,0.034643467643467644,0.9653565323565324,134.0,1.0,324.0,261.0,63.0,200018444.0
9,bg24_pdb4_d500_k50_seed02,tail_append,24,4,500,50,0.3875,22173567.2,923898.6333333333,0.9983107448107448,0.5144343344342978,0.48556566556570224,80.0,0.6125,468.0,409.0,59.0,0.0
9,bg24_pdb4_d500_k50_seed02,hopeless_front_insert,24,4,500,50,0.4,22145508.0,922729.5,0.9983107448107448,0.513929207641969,0.4860707923580309,80.0,0.6,463.0,409.0,54.0,0.0
9,bg24_pdb4_d500_k150_seed02,tail_append,24,4,500,150,0.0,7646464.7,318602.69583333336,0.9983107448107448,0.16961497230058348,0.8303850276994166,80.0,1.0,693.0,534.0,159.0,27633195.0
9,bg24_pdb4_d500_k150_seed02,hopeless_front_insert,24,4,500,150,0.0,2038761.7,84948.40416666666,0.9983107448107448,0.05653322798647043,0.9434667720135296,80.0,1.0,724.0,559.0,165.0,22522437.0
9,bg24_pdb4_d500_k300_seed02,tail_append,24,4,500,300,0.0,9956068.8,414836.2,0.9983107448107448,0.20534749482183884,0.7946525051781611,80.0,1.0,1139.0,810.0,329.0,104252635.0
9,bg24_pdb4_d500_k300_seed02,hopeless_front_insert,24,4,500,300,0.0,2027806.2,84491.925,0.9983107448107448,0.056088643025183564,0.9439113569748164,80.0,1.0,0.0,11689.0,196.0,99533943.0
9,bg24_pdb10_d100_k50_seed02,tail_append,24,10,100,50,0.001,1066283.3,44428.47083333333,1.0,0.021974969474969474,0.9780250305250305,1000.0,0.999,98.0,86.0,12.0,336991756.0
9,bg24_pdb10_d100_k50_seed02,hopeless_front_insert,24,10,100,50,0.001,912620.0,38025.833333333336,1.0,0.019767399267399267,0.9802326007326008,1000.0,0.999,94.0,82.0,12.0,310396769.0
9,bg24_pdb10_d100_k150_seed02,tail_append,24,10,100,150,0.0,1011850.1,42160.42083333333,1.0,0.020915140415140414,0.9790848595848596,1000.0,1.0,159.0,122.0,37.0,1039143371.0
9,bg24_pdb10_d100_k150_seed02,hopeless_front_insert,24,10,100,150,0.0,896430.1,37351.254166666666,1.0,0.019493284493284493,0.9805067155067155,1000.0,1.0,0.0,11969.0,31.0,1143610618.0
9,bg24_pdb10_d100_k300_seed02,tail_append,24,10,100,300,0.0,908485.2,37853.55,1.0,0.019284493284493283,0.9807155067155067,1000.0,1.0,264.0,191.0,73.0,2234006272.0
9,bg24_pdb10_d100_k300_seed02,hopeless_front_insert,24,10,100,300,0.0,896423.5,37350.979166666664,1.0,0.019446886446886448,0.9805531135531136,1000.0,1.0,0.0,11968.0,32.0,2342059965.0
9,bg24_pdb10_d300_k50_seed02,tail_append,24,10,300,50,0.003003003003003003,1554174.2,64757.25833333333,1.0,0.03733211233211233,0.9626678876678877,333.0,0.996996996996997,149.0,136.0,13.0,58965246.0
9,bg24_pdb10_d300_k50_seed02,hopeless_front_insert,24,10,300,50,0.003003003003003003,1421275.6,59219.816666666666,1.0,0.03489133089133089,0.9651086691086691,333.0,0.996996996996997,149.0,136.0,13.0,59915396.0
9,bg24_pdb10_d300_k150_seed02,tail_append,24,10,300,150,0.0,3143220.5,130967.52083333333,1.0,0.06266910866910867,0.9373308913308913,333.0,1.0,300.0,264.0,36.0,306468389.0
9,bg24_pdb10_d300_k150_seed02,hopeless_front_insert,24,10,300,150,0.0,1389221.2,57884.21666666667,1.0,0.033536019536019535,0.9664639804639804,333.0,1.0,300.0,261.0,39.0,311102071.0
9,bg24_pdb10_d300_k300_seed02,tail_append,24,10,300,300,0.0,1518873.0,63286.375,1.0,0.03673992673992674,0.9632600732600732,333.0,1.0,0.0,11930.0,65.0,736844555.0
9,bg24_pdb10_d300_k300_seed02,hopeless_front_insert,24,10,300,300,0.0,1326994.2,55291.425,1.0,0.032547008547008545,0.9674529914529915,333.0,1.0,344.0,279.0,65.0,676725140.0
9,bg24_pdb10_d500_k50_seed02,tail_append,24,10,500,50,0.0,2242806.4,93450.26666666666,0.9991440781440781,0.0552689175961354,0.9447310824038646,200.0,1.0,520.0,444.0,76.0,14881161.0
9,bg24_pdb10_d500_k50_seed02,hopeless_front_insert,24,10,500,50,0.0,1992494.6,83020.60833333334,0.9991440781440781,0.05079683587539518,0.9492031641246048,200.0,1.0,504.0,429.0,75.0,13722585.0
9,bg24_pdb10_d500_k150_seed02,tail_append,24,10,500,150,0.0,1928513.3,80354.72083333334,0.9991440781440781,0.04994262488405827,0.9500573751159417,200.0,1.0,2953.0,2731.0,222.0,186418207.0
9,bg24_pdb10_d500_k150_seed02,hopeless_front_insert,24,10,500,150,0.0,1877415.7,78225.65416666667,0.9991440781440781,0.049316325695130996,0.950683674304869,200.0,1.0,0.0,11793.0,142.0,165074306.0
9,bg24_pdb10_d500_k300_seed02,tail_append,24,10,500,300,0.0,1928513.3,80354.72083333334,0.9991440781440781,0.04994262488405827,0.9500573751159417,200.0,1.0,7585.0,7144.0,441.0,426431092.0
9,bg24_pdb10_d500_k300_seed02,hopeless_front_insert,24,10,500,300,0.0,1867714.6,77821.44166666667,0.9991440781440781,0.049014480037247996,0.950985519962752,200.0,1.0,0.0,11790.0,145.0,423862720.0
9,bg24_pdb16_d100_k50_seed02,tail_append,24,16,100,50,0.0,854812.1,35617.17083333333,1.0,0.017986568986568988,0.982013431013431,1600.0,1.0,119.0,105.0,14.0,530131507.0
9,bg24_pdb16_d100_k50_seed02,hopeless_front_insert,24,16,100,50,0.0,781374.2,32557.258333333335,1.0,0.016844322344322343,0.9831556776556777,1600.0,1.0,0.0,11989.0,11.0,552897906.0
9,bg24_pdb16_d100_k150_seed02,tail_append,24,16,100,150,0.0,854812.1,35617.17083333333,1.0,0.017986568986568988,0.982013431013431,1600.0,1.0,0.0,11981.0,19.0,1806628118.0
9,bg24_pdb16_d100_k150_seed02,hopeless_front_insert,24,16,100,150,0.0,157562.8,6565.116666666667,1.0,0.0032106227106227106,0.9967893772893773,1600.0,1.0,0.0,11980.0,20.0,1778330175.0
9,bg24_pdb16_d100_k300_seed02,tail_append,24,16,100,300,0.0,854812.1,35617.17083333333,1.0,0.017986568986568988,0.982013431013431,1600.0,1.0,0.0,11981.0,19.0,3725865532.0
9,bg24_pdb16_d100_k300_seed02,hopeless_front_insert,24,16,100,300,0.0,157562.8,6565.116666666667,1.0,0.0032106227106227106,0.9967893772893773,1600.0,1.0,0.0,11980.0,20.0,3698011322.0
9,bg24_pdb16_d300_k50_seed02,tail_append,24,16,300,50,0.003745318352059925,1442139.2,60089.13333333333,1.0,0.03272405372405372,0.9672759462759463,534.0,0.9962546816479401,253.0,234.0,19.0,140212049.0
9,bg24_pdb16_d300_k50_seed02,hopeless_front_insert,24,16,300,50,0.003745318352059925,1320591.4,55024.64166666667,1.0,0.030534188034188035,0.9694658119658119,534.0,0.9962546816479401,230.0,212.0,18.0,119654117.0
9,bg24_pdb16_d300_k150_seed02,tail_append,24,16,300,150,0.0,1299711.9,54154.6625,1.0,0.029718559218559218,0.9702814407814407,534.0,1.0,340.0,299.0,41.0,550658785.0
9,bg24_pdb16_d300_k150_seed02,hopeless_front_insert,24,16,300,150,0.0,1230724.4,51280.183333333334,1.0,0.02918131868131868,0.9708186813186813,534.0,1.0,318.0,283.0,35.0,519449906.0
9,bg24_pdb16_d300_k300_seed02,tail_append,24,16,300,300,0.0,1299711.9,54154.6625,1.0,0.029718559218559218,0.9702814407814407,534.0,1.0,0.0,11942.0,53.0,1188576846.0
9,bg24_pdb16_d300_k300_seed02,hopeless_front_insert,24,16,300,300,0.0,1205337.3,50222.3875,1.0,0.02771062271062271,0.9722893772893773,534.0,1.0,404.0,332.0,72.0,1153384523.0
9,bg24_pdb16_d500_k50_seed02,tail_append,24,16,500,50,0.0,1901449.1,79227.04583333334,0.9991440781440781,0.04663209902492854,0.9533679009750715,320.0,1.0,895.0,816.0,79.0,48576318.0
9,bg24_pdb16_d500_k50_seed02,hopeless_front_insert,24,16,500,50,0.0,1818138.0,75755.75,0.9991440781440781,0.04487662822513531,0.9551233717748647,320.0,1.0,553.0,480.0,73.0,48421920.0
9,bg24_pdb16_d500_k150_seed02,tail_append,24,16,500,150,0.0,1901449.1,79227.04583333334,0.9991440781440781,0.04663209902492854,0.9533679009750715,320.0,1.0,0.0,11844.0,91.0,291459157.0
9,bg24_pdb16_d500_k150_seed02,hopeless_front_insert,24,16,500,150,0.0,1803738.0,75155.75,0.9991440781440781,0.044560729024476387,0.9554392709755236,320.0,1.0,0.0,11862.0,73.0,283687068.0
9,bg24_pdb16_d500_k300_seed02,tail_append,24,16,500,300,0.0,1901449.1,79227.04583333334,0.9991440781440781,0.04663209902492854,0.9533679009750715,320.0,1.0,0.0,11887.0,48.0,656018441.0
9,bg24_pdb16_d500_k300_seed02,hopeless_front_insert,24,16,500,300,0.0,1754134.4,73088.93333333333,0.9991440781440781,0.04388554794763283,0.9561144520523671,320.0,1.0,0.0,11864.0,71.0,633004146.0
10,bg24_pdb4_d100_k50_seed03,tail_append,24,4,100,50,0.0025,3472220.6,144675.85833333334,1.0,0.07257814407814407,0.9274218559218559,400.0,0.9975,89.0,79.0,10.0,57360600.0
10,bg24_pdb4_d100_k50_seed03,hopeless_front_insert,24,4,100,50,0.0025,1085490.0,45228.75,1.0,0.025573260073260072,0.9744267399267399,400.0,0.9975,84.0,74.0,10.0,19896380.0
10,bg24_pdb4_d100_k150_seed03,tail_append,24,4,100,150,0.0,1082145.8,45089.40833333333,1.0,0.024336996336996337,0.9756630036630036,400.0,1.0,130.0,100.0,30.0,273445988.0
10,bg24_pdb4_d100_k150_seed03,hopeless_front_insert,24,4,100,150,0.0,949241.6,39551.73333333333,1.0,0.022434676434676434,0.9775653235653236,400.0,1.0,125.0,96.0,29.0,308286486.0
10,bg24_pdb4_d100_k300_seed03,tail_append,24,4,100,300,0.0,8115827.3,338159.4708333333,1.0,0.15485836385836385,0.8451416361416362,400.0,1.0,339.0,281.0,58.0,799462163.0
10,bg24_pdb4_d100_k300_seed03,hopeless_front_insert,24,4,100,300,0.0,909257.9,37885.745833333334,1.0,0.021893162393162392,0.9781068376068376,400.0,1.0,179.0,124.0,55.0,761203003.0
10,bg24_pdb4_d300_k50_seed03,tail_append,24,4,300,50,0.3609022556390977,21035847.5,876493.6458333334,0.9998925518925519,0.48473157066937594,0.515268429330624,133.0,0.6390977443609023,129.0,113.0,16.0,0.0
10,bg24_pdb4_d300_k50_seed03,hopeless_front_insert,24,4,300,50,0.38345864661654133,20945950.0,872747.9166666666,0.9999346764346765,0.4812988394235765,0.5187011605764235,133.0,0.6165413533834586,129.0,113.0,16.0,0.0
10,bg24_pdb4_d300_k150_seed03,tail_append,24,4,300,150,0.007518796992481203,2290404.6,95433.525,1.0,0.058306471306471305,0.9416935286935287,133.0,0.9924812030075187,260.0,220.0,40.0,44094978.0
10,bg24_pdb4_d300_k150_seed03,hopeless_front_insert,24,4,300,150,0.007518796992481203,1661358.8,69223.28333333333,1.0,0.04605982905982906,0.9539401709401709,133.0,0.9924812030075187,263.0,225.0,38.0,29856685.0
10,bg24_pdb4_d300_k300_seed03,tail_append,24,4,300,300,0.0,5282275.4,220094.80833333335,1.0,0.09517460317460318,0.9048253968253969,133.0,1.0,313.0,249.0,64.0,166346744.0
10,bg24_pdb4_d300_k300_seed03,hopeless_front_insert,24,4,300,300,0.0,1630784.9,67949.37083333333,1.0,0.04361416361416361,0.9563858363858364,133.0,1.0,313.0,251.0,62.0,165487302.0
10,bg24_pdb4_d500_k50_seed03,tail_append,24,4,500,50,0.875,22964948.0,956872.8333333334,0.9986385836385836,0.6948061157742226,0.3051938842257775,80.0,0.125,235.0,206.0,29.0,0.0
10,bg24_pdb4_d500_k50_seed03,hopeless_front_insert,24,4,500,50,0.8375,22955385.0,956474.375,0.9986385836385836,0.6931744682932197,0.3068255317067803,80.0,0.1625,235.0,206.0,29.0,0.0
10,bg24_pdb4_d500_k150_seed03,tail_append,24,4,500,150,0.0125,6391750.7,266322.9458333333,0.9986385836385836,0.14974537985169065,0.8502546201483093,80.0,0.9875,509.0,425.0,84.0,0.0
10,bg24_pdb4_d500_k150_seed03,hopeless_front_insert,24,4,500,150,0.0125,3267712.3,136154.67916666667,0.9986385836385836,0.08614903073170434,0.9138509692682957,80.0,0.9875,504.0,416.0,88.0,0.0
10,bg24_pdb4_d500_k300_seed03,tail_append,24,4,500,300,0.0,9216786.5,384032.7708333333,0.9986385836385836,0.19289019849978908,0.8071098015002109,80.0,1.0,838.0,664.0,174.0,47439283.0
10,bg24_pdb4_d500_k300_seed03,hopeless_front_insert,24,4,500,300,0.0,2130039.6,88751.65,0.9986385836385836,0.06406157344858997,0.93593842655141,80.0,1.0,709.0,527.0,182.0,59080738.0
10,bg24_pdb10_d100_k50_seed03,tail_append,24,10,100,50,0.001,907728.8,37822.03333333333,1.0,0.020664835164835166,0.9793351648351648,1000.0,0.999,98.0,90.0,8.0,297480740.0
10,bg24_pdb10_d100_k50_seed03,hopeless_front_insert,24,10,100,50,0.001,891596.9,37149.870833333334,1.0,0.020387057387057386,0.9796129426129426,1000.0,0.999,94.0,86.0,8.0,313750893.0
10,bg24_pdb10_d100_k150_seed03,tail_append,24,10,100,150,0.0,907728.2,37822.00833333333,1.0,0.020606837606837607,0.9793931623931624,1000.0,1.0,150.0,120.0,30.0,1107715364.0
10,bg24_pdb10_d100_k150_seed03,hopeless_front_insert,24,10,100,150,0.0,878973.2,36623.88333333333,1.0,0.020065323565323565,0.9799346764346765,1000.0,1.0,0.0,11974.0,26.0,1084169669.0
10,bg24_pdb10_d100_k300_seed03,tail_append,24,10,100,300,0.0,907728.2,37822.00833333333,1.0,0.020606837606837607,0.9793931623931624,1000.0,1.0,673.0,614.0,59.0,2307156117.0
10,bg24_pdb10_d100_k300_seed03,hopeless_front_insert,24,10,100,300,0.0,878973.2,36623.88333333333,1.0,0.020065323565323565,0.9799346764346765,1000.0,1.0,0.0,11974.0,26.0,2284056555.0
10,bg24_pdb10_d300_k50_seed03,tail_append,24,10,300,50,0.003003003003003003,1485274.7,61886.44583333333,1.0,0.03824420024420024,0.9617557997557997,333.0,0.996996996996997,178.0,161.0,17.0,51230381.0
10,bg24_pdb10_d300_k50_seed03,hopeless_front_insert,24,10,300,50,0.003003003003003003,1427635.6,59484.816666666666,1.0,0.03693772893772894,0.963062271062271,333.0,0.996996996996997,178.0,163.0,15.0,52424468.0
10,bg24_pdb10_d300_k150_seed03,tail_append,24,10,300,150,0.003003003003003003,1522139.3,63422.47083333333,1.0,0.03782478632478632,0.9621752136752136,333.0,0.996996996996997,293.0,258.0,35.0,310795734.0
10,bg24_pdb10_d300_k150_seed03,hopeless_front_insert,24,10,300,150,0.003003003003003003,1413383.3,58890.97083333333,1.0,0.035805860805860804,0.9641941391941392,333.0,0.996996996996997,298.0,262.0,36.0,308795790.0
10,bg24_pdb10_d300_k300_seed03,tail_append,24,10,300,300,0.0,1472470.1,61352.92083333333,1.0,0.03687973137973138,0.9631202686202687,333.0,1.0,353.0,291.0,62.0,671492620.0
10,bg24_pdb10_d300_k300_seed03,hopeless_front_insert,24,10,300,300,0.0,1339613.5,55817.229166666664,1.0,0.03431440781440782,0.9656855921855921,333.0,1.0,330.0,272.0,58.0,636258288.0
10,bg24_pdb10_d500_k50_seed03,tail_append,24,10,500,50,0.005,2050036.9,85418.20416666666,0.9996550671550671,0.05312455150891486,0.9468754484910852,200.0,0.995,550.0,471.0,79.0,10890234.0
10,bg24_pdb10_d500_k50_seed03,hopeless_front_insert,24,10,500,50,0.0,1838909.7,76621.2375,0.9996550671550671,0.0491530961534351,0.9508469038465649,200.0,1.0,519.0,445.0,74.0,11030076.0
10,bg24_pdb10_d500_k150_seed03,tail_append,24,10,500,150,0.0,1958834.2,81618.09166666666,0.9996550671550671,0.05123745370045223,0.9487625462995478,200.0,1.0,3188.0,2964.0,224.0,149435133.0
10,bg24_pdb10_d500_k150_seed03,hopeless_front_insert,24,10,500,150,0.0,1829209.5,76217.0625,0.9996550671550671,0.049399212793179575,0.9506007872068204,200.0,1.0,0.0,11806.0,129.0,164633591.0
10,bg24_pdb10_d500_k300_seed03,tail_append,24,10,500,300,0.0,1944403.0,81016.79166666667,0.9996550671550671,0.05101759764509736,0.9489824023549026,200.0,1.0,7863.0,7420.0,443.0,382158165.0
10,bg24_pdb10_d500_k300_seed03,hopeless_front_insert,24,10,500,300,0.0,1834085.7,76420.2375,0.9996550671550671,0.049504865842002886,0.9504951341579971,200.0,1.0,0.0,11822.0,113.0,385111010.0
10,bg24_pdb16_d100_k50_seed03,tail_append,24,16,100,50,0.0,920500.8,38354.2,1.0,0.02015934065934066,0.9798406593406593,1600.0,1.0,120.0,107.0,13.0,583488203.0
10,bg24_pdb16_d100_k50_seed03,hopeless_front_insert,24,16,100,50,0.0,707734.1,29488.920833333334,1.0,0.01658241758241758,0.9834175824175824,1600.0,1.0,109.0,98.0,11.0,548029879.0
10,bg24_pdb16_d100_k150_seed03,tail_append,24,16,100,150,0.0,869223.7,36217.65416666667,1.0,0.019636141636141635,0.9803638583638583,1600.0,1.0,194.0,160.0,34.0,1863790498.0
10,bg24_pdb16_d100_k150_seed03,hopeless_front_insert,24,16,100,150,0.0,184916.2,7704.841666666667,1.0,0.004080586080586081,0.995919413919414,1600.0,1.0,0.0,11982.0,18.0,1865145176.0
10,bg24_pdb16_d100_k300_seed03,tail_append,24,16,100,300,0.0,869223.7,36217.65416666667,1.0,0.019636141636141635,0.9803638583638583,1600.0,1.0,0.0,11954.0,46.0,3784207594.0
10,bg24_pdb16_d100_k300_seed03,hopeless_front_insert,24,16,100,300,0.0,193661.1,8069.2125,1.0,0.004286935286935287,0.9957130647130648,1600.0,1.0,0.0,11980.0,20.0,3760853885.0
10,bg24_pdb16_d300_k50_seed03,tail_append,24,16,300,50,0.0018796992481203006,1419708.2,59154.50833333333,1.0,0.03482539682539683,0.9651746031746031,532.0,0.9981203007518797,193.0,178.0,15.0,128134488.0
10,bg24_pdb16_d300_k50_seed03,hopeless_front_insert,24,16,300,50,0.0018796992481203006,1378046.9,57418.620833333334,1.0,0.034487179487179484,0.9655128205128205,532.0,0.9981203007518797,199.0,183.0,16.0,121886313.0
10,bg24_pdb16_d300_k150_seed03,tail_append,24,16,300,150,0.0,1374822.3,57284.2625,1.0,0.0337014652014652,0.9662985347985348,532.0,1.0,305.0,271.0,34.0,529531590.0
10,bg24_pdb16_d300_k150_seed03,hopeless_front_insert,24,16,300,150,0.0,1266032.8,52751.36666666667,1.0,0.031802197802197806,0.9681978021978022,532.0,1.0,303.0,269.0,34.0,547515881.0
10,bg24_pdb16_d300_k300_seed03,tail_append,24,16,300,300,0.0,1334928.6,55622.025,1.0,0.03298351648351648,0.9670164835164835,532.0,1.0,8339.0,8272.0,67.0,1181980555.0
10,bg24_pdb16_d300_k300_seed03,hopeless_front_insert,24,16,300,300,0.0,1218045.5,50751.895833333336,1.0,0.03072771672771673,0.9692722832722833,532.0,1.0,334.0,276.0,58.0,1151796918.0
10,bg24_pdb16_d500_k50_seed03,tail_append,24,16,500,50,0.00625,1954066.3,81419.42916666667,0.9996550671550671,0.04876101952138558,0.9512389804786144,320.0,0.99375,598.0,521.0,77.0,51884812.0
10,bg24_pdb16_d500_k50_seed03,hopeless_front_insert,24,16,500,50,0.003125,1782909.4,74287.89166666666,0.9996550671550671,0.04548455358533316,0.9545154464146668,320.0,0.996875,718.0,640.0,78.0,46347932.0
10,bg24_pdb16_d500_k150_seed03,tail_append,24,16,500,150,0.0,1818063.1,75752.62916666667,0.9996550671550671,0.04579357348535972,0.9542064265146403,320.0,1.0,0.0,11730.0,205.0,276813583.0
10,bg24_pdb16_d500_k150_seed03,hopeless_front_insert,24,16,500,150,0.0,1750882.6,72953.44166666667,0.9996550671550671,0.04467413973684452,0.9553258602631555,320.0,1.0,0.0,11858.0,77.0,292543389.0
10,bg24_pdb16_d500_k300_seed03,tail_append,24,16,500,300,0.0,1811571.9,75482.1625,0.9996550671550671,0.046038468702574456,0.9539615312974256,320.0,1.0,0.0,11762.0,173.0,634291573.0
10,bg24_pdb16_d500_k300_seed03,hopeless_front_insert,24,16,500,300,0.0,1608362.6,67015.10833333334,0.9996550671550671,0.040861469310232164,0.9591385306897678,320.0,1.0,0.0,11863.0,72.0,679590892.0
11,bg24_pdb4_d100_k50_seed04,tail_append,24,4,100,50,0.0,6614703.5,275612.6458333333,1.0,0.1564102564102564,0.8435897435897436,400.0,1.0,595.0,524.0,71.0,105293001.0
11,bg24_pdb4_d100_k50_seed04,hopeless_front_insert,24,4,100,50,0.0,969916.5,40413.1875,1.0,0.023952991452991453,0.9760470085470085,400.0,1.0,8595.0,8507.0,88.0,98164758.0
11,bg24_pdb4_d100_k150_seed04,tail_append,24,4,100,150,0.0,6517439.0,271559.9583333333,1.0,0.15456715506715507,0.845432844932845,400.0,1.0,1873.0,1658.0,215.0,424969034.0
11,bg24_pdb4_d100_k150_seed04,hopeless_front_insert,24,4,100,150,0.0,969916.5,40413.1875,1.0,0.023952991452991453,0.9760470085470085,400.0,1.0,0.0,11921.0,49.0,418000041.0
11,bg24_pdb4_d100_k300_seed04,tail_append,24,4,100,300,0.0,6524139.9,271839.1625,1.0,0.15422283272283271,0.8457771672771672,400.0,1.0,3780.0,3345.0,435.0,904965615.0
11,bg24_pdb4_d100_k300_seed04,hopeless_front_insert,24,4,100,300,0.0,969916.5,40413.1875,1.0,0.023952991452991453,0.9760470085470085,400.0,1.0,0.0,11937.0,33.0,897956237.0
11,bg24_pdb4_d300_k50_seed04,tail_append,24,4,300,50,0.0,2179450.0,90810.41666666667,0.9989377289377289,0.058996125310158534,0.9410038746898415,132.0,1.0,490.0,417.0,73.0,405834.0
11,bg24_pdb4_d300_k50_seed04,hopeless_front_insert,24,4,300,50,0.0,1877139.9,78214.1625,0.9989377289377289,0.05069487734223167,0.9493051226577683,132.0,1.0,498.0,426.0,72.0,0.0
11,bg24_pdb4_d300_k150_seed04,tail_append,24,4,300,150,0.0,1656363.5,69015.14583333333,0.9989377289377289,0.04674073802451933,0.9532592619754807,132.0,1.0,0.0,11828.0,52.0,98062721.0
11,bg24_pdb4_d300_k150_seed04,hopeless_front_insert,24,4,300,150,0.0,1558831.7,64951.32083333333,0.9989377289377289,0.04456382237541711,0.9554361776245829,132.0,1.0,0.0,11793.0,87.0,99525397.0
11,bg24_pdb4_d300_k300_seed04,tail_append,24,4,300,300,0.0,1667616.8,69484.03333333333,0.9989377289377289,0.047484507352132305,0.9525154926478677,132.0,1.0,0.0,11833.0,47.0,256419916.0
11,bg24_pdb4_d300_k300_seed04,hopeless_front_insert,24,4,300,300,0.0,1558831.7,64951.32083333333,0.9989377289377289,0.04456382237541711,0.9554361776245829,132.0,1.0,0.0,11802.0,78.0,257906786.0
11,bg24_pdb4_d500_k50_seed04,tail_append,24,4,500,50,0.0125,16893023.5,703875.9791666666,0.9982466422466423,0.373247843593896,0.6267521564061039,80.0,0.9875,504.0,428.0,76.0,0.0
11,bg24_pdb4_d500_k50_seed04,hopeless_front_insert,24,4,500,50,0.025,16744316.2,697679.8416666667,0.9982466422466423,0.3685980547088668,0.6314019452911331,80.0,0.975,499.0,424.0,75.0,0.0
11,bg24_pdb4_d500_k150_seed04,tail_append,24,4,500,150,0.0,2571656.4,107152.35,0.9982466422466423,0.07372022251468999,0.92627977748531,80.0,1.0,930.0,716.0,214.0,40723185.0
11,bg24_pdb4_d500_k150_seed04,hopeless_front_insert,24,4,500,150,0.0,2099616.6,87484.025,0.9982466422466423,0.06408733750507606,0.935912662494924,80.0,1.0,814.0,602.0,212.0,40289220.0
11,bg24_pdb4_d500_k300_seed04,tail_append,24,4,500,300,0.0,2322024.7,96751.02916666666,0.9982466422466423,0.06882825075468098,0.931171749245319,80.0,1.0,2050.0,1612.0,438.0,135405610.0
11,bg24_pdb4_d500_k300_seed04,hopeless_front_insert,24,4,500,300,0.0,2097978.3,87415.7625,0.9982466422466423,0.06388062585925995,0.9361193741407401,80.0,1.0,1363.0,932.0,431.0,141584228.0
11,bg24_pdb10_d100_k50_seed04,tail_append,24,10,100,50,0.0,3666623.8,152775.99166666667,1.0,0.07353601953601954,0.9264639804639805,1000.0,1.0,0.0,11939.0,41.0,329213763.0
11,bg24_pdb10_d100_k50_seed04,hopeless_front_insert,24,10,100,50,0.0,904454.9,37685.620833333334,1.0,0.02172283272283272,0.9782771672771673,1000.0,1.0,0.0,11960.0,20.0,333739534.0
11,bg24_pdb10_d100_k150_seed04,tail_append,24,10,100,150,0.0,3552994.7,148041.44583333333,1.0,0.07178754578754579,0.9282124542124542,1000.0,1.0,0.0,11957.0,23.0,1129178120.0
11,bg24_pdb10_d100_k150_seed04,hopeless_front_insert,24,10,100,150,0.0,904471.1,37686.29583333334,1.0,0.021703907203907205,0.9782960927960928,1000.0,1.0,0.0,11960.0,20.0,1134183432.0
11,bg24_pdb10_d100_k300_seed04,tail_append,24,10,100,300,0.0,3584930.6,149372.10833333334,1.0,0.07189499389499389,0.9281050061050061,1000.0,1.0,0.0,11959.0,21.0,2329311958.0
11,bg24_pdb10_d100_k300_seed04,hopeless_front_insert,24,10,100,300,0.0,904471.1,37686.29583333334,1.0,0.021703907203907205,0.9782960927960928,1000.0,1.0,0.0,11960.0,20.0,2334329499.0
11,bg24_pdb10_d300_k50_seed04,tail_append,24,10,300,50,0.0,2901474.1,120894.75416666667,0.999534188034188,0.06379894908311992,0.9362010509168801,332.0,1.0,385.0,326.0,59.0,65483146.0
11,bg24_pdb10_d300_k50_seed04,hopeless_front_insert,24,10,300,50,0.0,1448402.1,60350.0875,0.999534188034188,0.03871644728283077,0.9612835527171693,332.0,1.0,360.0,300.0,60.0,68293781.0
11,bg24_pdb10_d300_k150_seed04,tail_append,24,10,300,150,0.0,1457858.6,60744.10833333334,0.999534188034188,0.03855581079587134,0.9614441892041287,332.0,1.0,880.0,684.0,196.0,334880489.0
11,bg24_pdb10_d300_k150_seed04,hopeless_front_insert,24,10,300,150,0.0,1442064.4,60086.01666666666,0.999534188034188,0.038475187159830865,0.9615248128401691,332.0,1.0,0.0,11864.0,56.0,340409786.0
11,bg24_pdb10_d300_k300_seed04,tail_append,24,10,300,300,0.0,1458076.6,60753.191666666666,0.999534188034188,0.038640099142640924,0.9613599008573591,332.0,1.0,1623.0,1216.0,407.0,733248419.0
11,bg24_pdb10_d300_k300_seed04,hopeless_front_insert,24,10,300,300,0.0,1430823.7,59617.65416666667,0.999534188034188,0.03848557050689668,0.9615144294931033,332.0,1.0,0.0,11852.0,68.0,744765640.0
11,bg24_pdb10_d500_k50_seed04,tail_append,24,10,500,50,0.0,3509167.1,146215.29583333334,0.999534188034188,0.08262823280930005,0.9173717671906999,200.0,1.0,519.0,448.0,71.0,19623966.0
11,bg24_pdb10_d500_k50_seed04,hopeless_front_insert,24,10,500,50,0.0,2038905.4,84954.39166666666,0.999534188034188,0.05621849493995066,0.9437815050600493,200.0,1.0,503.0,436.0,67.0,19189978.0
11,bg24_pdb10_d500_k150_seed04,tail_append,24,10,500,150,0.0,2138070.3,89086.2625,0.999534188034188,0.05764651055406151,0.9423534894459384,200.0,1.0,3103.0,2896.0,207.0,168742061.0
11,bg24_pdb10_d500_k150_seed04,hopeless_front_insert,24,10,500,150,0.0,1874066.0,78086.08333333333,0.999534188034188,0.05274557073899502,0.947254429261005,200.0,1.0,0.0,11808.0,112.0,164780139.0
11,bg24_pdb10_d500_k300_seed04,tail_append,24,10,500,300,0.0,2138070.3,89086.2625,0.999534188034188,0.05764651055406151,0.9423534894459384,200.0,1.0,7269.0,6864.0,405.0,401918345.0
11,bg24_pdb10_d500_k300_seed04,hopeless_front_insert,24,10,500,300,0.0,1883577.0,78482.375,0.999534188034188,0.053107155530934126,0.9468928444690659,200.0,1.0,0.0,11802.0,118.0,396491254.0
11,bg24_pdb16_d100_k50_seed04,tail_append,24,16,100,50,0.0,882057.6,36752.4,1.0,0.020766178266178267,0.9792338217338218,1600.0,1.0,443.0,377.0,66.0,560198056.0
11,bg24_pdb16_d100_k50_seed04,hopeless_front_insert,24,16,100,50,0.0,182250.1,7593.754166666667,1.0,0.004052503052503052,0.995947496947497,1600.0,1.0,0.0,11968.0,12.0,585402404.0
11,bg24_pdb16_d100_k150_seed04,tail_append,24,16,100,150,0.0,882057.6,36752.4,1.0,0.020766178266178267,0.9792338217338218,1600.0,1.0,1305.0,1100.0,205.0,1839935984.0
11,bg24_pdb16_d100_k150_seed04,hopeless_front_insert,24,16,100,150,0.0,182942.9,7622.620833333333,1.0,0.004172161172161172,0.9958278388278389,1600.0,1.0,0.0,11969.0,11.0,1812338050.0
11,bg24_pdb16_d100_k300_seed04,tail_append,24,16,100,300,0.0,882057.6,36752.4,1.0,0.020766178266178267,0.9792338217338218,1600.0,1.0,2669.0,2248.0,421.0,3759918659.0
11,bg24_pdb16_d100_k300_seed04,hopeless_front_insert,24,16,100,300,0.0,182942.9,7622.620833333333,1.0,0.004172161172161172,0.9958278388278389,1600.0,1.0,0.0,11969.0,11.0,3731993052.0
11,bg24_pdb16_d300_k50_seed04,tail_append,24,16,300,50,0.0,1411601.9,58816.745833333334,0.999534188034188,0.03574192374103444,0.9642580762589655,532.0,1.0,8933.0,8840.0,93.0,149178036.0
11,bg24_pdb16_d300_k50_seed04,hopeless_front_insert,24,16,300,50,0.0,1333250.6,55552.10833333333,0.999534188034188,0.03484651275288794,0.965153487247112,532.0,1.0,0.0,11899.0,36.0,148426353.0
11,bg24_pdb16_d300_k150_seed04,tail_append,24,16,300,150,0.0,1411601.9,58816.745833333334,0.999534188034188,0.03574192374103444,0.9642580762589655,532.0,1.0,0.0,11889.0,46.0,575020916.0
11,bg24_pdb16_d300_k150_seed04,hopeless_front_insert,24,16,300,150,0.0,1286715.7,53613.15416666667,0.999534188034188,0.03314058990848606,0.9668594100915139,532.0,1.0,0.0,11887.0,48.0,555166090.0
11,bg24_pdb16_d300_k300_seed04,tail_append,24,16,300,300,0.0,1411601.9,58816.745833333334,0.999534188034188,0.03574192374103444,0.9642580762589655,532.0,1.0,0.0,11897.0,38.0,1213458957.0
11,bg24_pdb16_d300_k300_seed04,hopeless_front_insert,24,16,300,300,0.0,722684.5,30111.854166666668,0.999534188034188,0.019512141492038112,0.9804878585079619,532.0,1.0,0.0,11900.0,35.0,1216390859.0
11,bg24_pdb16_d500_k50_seed04,tail_append,24,16,500,50,0.0,1858060.3,77419.17916666667,0.999534188034188,0.04985716789933284,0.9501428321006672,320.0,1.0,743.0,673.0,70.0,67491199.0
11,bg24_pdb16_d500_k50_seed04,hopeless_front_insert,24,16,500,50,0.0,1814748.3,75614.5125,0.999534188034188,0.04928974852144192,0.950710251478558,320.0,1.0,523.0,465.0,58.0,64840157.0
11,bg24_pdb16_d500_k150_seed04,tail_append,24,16,500,150,0.0,1838889.3,76620.3875,0.999534188034188,0.04978204132938603,0.950217958670614,320.0,1.0,0.0,11858.0,62.0,322651543.0
11,bg24_pdb16_d500_k150_seed04,hopeless_front_insert,24,16,500,150,0.0,1750781.1,72949.2125,0.999534188034188,0.04788188881634119,0.9521181111836589,320.0,1.0,0.0,11837.0,83.0,303349818.0
11,bg24_pdb16_d500_k300_seed04,tail_append,24,16,500,300,0.0,1838889.3,76620.3875,0.999534188034188,0.04978204132938603,0.950217958670614,320.0,1.0,0.0,11865.0,55.0,706630909.0
11,bg24_pdb16_d500_k300_seed04,hopeless_front_insert,24,16,500,300,0.0,1179342.6,49139.275,0.999534188034188,0.03336535883320497,0.966634641166795,320.0,1.0,0.0,11835.0,85.0,713574587.0
12,bg24_pdb4_d100_k50_seed05,tail_append,24,4,100,50,0.0025,1101931.8,45913.825,1.0,0.024108669108669108,0.9758913308913308,400.0,0.9975,85.0,73.0,12.0,51915421.0
12,bg24_pdb4_d100_k50_seed05,hopeless_front_insert,24,4,100,50,0.0025,933235.7,38884.82083333333,1.0,0.020615384615384615,0.9793846153846154,400.0,0.9975,85.0,73.0,12.0,50452532.0
12,bg24_pdb4_d100_k150_seed05,tail_append,24,4,100,150,0.0,8461606.9,352566.95416666666,1.0,0.15378571428571428,0.8462142857142857,400.0,1.0,0.0,11970.0,30.0,367203274.0
12,bg24_pdb4_d100_k150_seed05,hopeless_front_insert,24,4,100,150,0.0,915604.2,38150.175,1.0,0.0201996336996337,0.9798003663003663,400.0,1.0,5104.0,5057.0,47.0,378643127.0
12,bg24_pdb4_d100_k300_seed05,tail_append,24,4,100,300,0.0,8485717.5,353571.5625,1.0,0.15370329670329672,0.8462967032967033,400.0,1.0,0.0,11970.0,30.0,847014877.0
12,bg24_pdb4_d100_k300_seed05,hopeless_front_insert,24,4,100,300,0.0,915604.2,38150.175,1.0,0.0201996336996337,0.9798003663003663,400.0,1.0,0.0,11956.0,44.0,858647036.0
12,bg24_pdb4_d300_k50_seed05,tail_append,24,4,300,50,0.35074626865671643,19247472.4,801978.0166666667,1.0,0.3848003663003663,0.6151996336996337,134.0,0.6492537313432836,145.0,127.0,18.0,0.0
12,bg24_pdb4_d300_k50_seed05,hopeless_front_insert,24,4,300,50,0.44029850746268656,19296294.4,804012.2666666667,1.0,0.3845811965811966,0.6154188034188034,134.0,0.5597014925373134,145.0,127.0,18.0,0.0
12,bg24_pdb4_d300_k150_seed05,tail_append,24,4,300,150,0.007462686567164179,3443962.6,143498.44166666668,1.0,0.07673443223443223,0.9232655677655678,134.0,0.9925373134328358,288.0,243.0,45.0,42979748.0
12,bg24_pdb4_d300_k150_seed05,hopeless_front_insert,24,4,300,150,0.007462686567164179,1421143.7,59214.32083333333,1.0,0.03556898656898657,0.9644310134310135,134.0,0.9925373134328358,288.0,243.0,45.0,76013282.0
12,bg24_pdb4_d300_k300_seed05,tail_append,24,4,300,300,0.0,2676685.4,111528.55833333333,1.0,0.05441025641025641,0.9455897435897436,134.0,1.0,355.0,277.0,78.0,160546351.0
12,bg24_pdb4_d300_k300_seed05,hopeless_front_insert,24,4,300,300,0.0,1354191.2,56424.63333333333,1.0,0.03363919413919414,0.9663608058608059,134.0,1.0,334.0,260.0,74.0,187337213.0
12,bg24_pdb4_d500_k50_seed05,tail_append,24,4,500,50,0.775,22954125.5,956421.8958333334,0.9996599511599512,0.6442673119003226,0.35573268809967734,80.0,0.225,264.0,217.0,47.0,0.0
12,bg24_pdb4_d500_k50_seed05,hopeless_front_insert,24,4,500,50,0.8,22950517.7,956271.5708333333,0.9996636141636142,0.6471499265015277,0.3528500734984723,80.0,0.2,264.0,217.0,47.0,0.0
12,bg24_pdb4_d500_k150_seed05,tail_append,24,4,500,150,0.025,3796318.1,158179.92083333334,0.9996636141636142,0.09006265233298869,0.9099373476670113,80.0,0.975,538.0,411.0,127.0,15041540.0
12,bg24_pdb4_d500_k150_seed05,hopeless_front_insert,24,4,500,150,0.025,2933303.2,122220.96666666667,0.9996636141636142,0.07616359349207212,0.9238364065079279,80.0,0.975,533.0,405.0,128.0,1295168.0
12,bg24_pdb4_d500_k300_seed05,tail_append,24,4,500,300,0.0,2424553.8,101023.075,0.9996636141636142,0.06306578098004885,0.9369342190199511,80.0,1.0,805.0,556.0,249.0,81208684.0
12,bg24_pdb4_d500_k300_seed05,hopeless_front_insert,24,4,500,300,0.0,1986106.4,82754.43333333333,0.9996636141636142,0.0544389474114919,0.9455610525885081,80.0,1.0,683.0,465.0,218.0,75493893.0
12,bg24_pdb10_d100_k50_seed05,tail_append,24,10,100,50,0.0,992817.5,41367.395833333336,1.0,0.020995726495726497,0.9790042735042735,1000.0,1.0,104.0,90.0,14.0,298389023.0
12,bg24_pdb10_d100_k50_seed05,hopeless_front_insert,24,10,100,50,0.0,882017.3,36750.72083333333,1.0,0.01911843711843712,0.9808815628815629,1000.0,1.0,104.0,90.0,14.0,310517881.0
12,bg24_pdb10_d100_k150_seed05,tail_append,24,10,100,150,0.0,990850.0,41285.416666666664,1.0,0.021167277167277166,0.9788327228327228,1000.0,1.0,405.0,363.0,42.0,1096928628.0
12,bg24_pdb10_d100_k150_seed05,hopeless_front_insert,24,10,100,150,0.0,890073.1,37086.379166666666,1.0,0.01923992673992674,0.9807600732600733,1000.0,1.0,0.0,11974.0,26.0,1140013812.0
12,bg24_pdb10_d100_k300_seed05,tail_append,24,10,100,300,0.0,989256.2,41219.00833333333,1.0,0.021053113553113553,0.9789468864468864,1000.0,1.0,788.0,711.0,77.0,2296470840.0
12,bg24_pdb10_d100_k300_seed05,hopeless_front_insert,24,10,100,300,0.0,890073.1,37086.379166666666,1.0,0.01923992673992674,0.9807600732600733,1000.0,1.0,0.0,11974.0,26.0,2340026040.0
12,bg24_pdb10_d300_k50_seed05,tail_append,24,10,300,50,0.006006006006006006,5751050.3,239627.09583333333,1.0,0.1058998778998779,0.8941001221001221,333.0,0.993993993993994,144.0,127.0,17.0,75948381.0
12,bg24_pdb10_d300_k50_seed05,hopeless_front_insert,24,10,300,50,0.006006006006006006,1538007.9,64083.6625,1.0,0.03781440781440781,0.9621855921855922,333.0,0.993993993993994,144.0,127.0,17.0,50062628.0
12,bg24_pdb10_d300_k150_seed05,tail_append,24,10,300,150,0.003003003003003003,1474135.7,61422.32083333333,1.0,0.03474053724053724,0.9652594627594627,333.0,0.996996996996997,299.0,255.0,44.0,328259441.0
12,bg24_pdb10_d300_k150_seed05,hopeless_front_insert,24,10,300,150,0.003003003003003003,1387737.0,57822.375,1.0,0.03371611721611722,0.9662838827838828,333.0,0.996996996996997,298.0,255.0,43.0,309546716.0
12,bg24_pdb10_d300_k300_seed05,tail_append,24,10,300,300,0.0,4869456.5,202894.02083333334,1.0,0.08522283272283272,0.9147771672771673,333.0,1.0,528.0,446.0,82.0,721831190.0
12,bg24_pdb10_d300_k300_seed05,hopeless_front_insert,24,10,300,300,0.0,1315623.0,54817.625,1.0,0.03238827838827839,0.9676117216117216,333.0,1.0,358.0,282.0,76.0,677033753.0
12,bg24_pdb10_d500_k50_seed05,tail_append,24,10,500,50,0.02,3190051.2,132918.8,0.9996636141636142,0.07099213471686752,0.9290078652831325,200.0,0.98,360.0,319.0,41.0,12017923.0
12,bg24_pdb10_d500_k50_seed05,hopeless_front_insert,24,10,500,50,0.02,2362095.3,98420.6375,0.9996636141636142,0.05884397010227494,0.9411560298977251,200.0,0.98,360.0,319.0,41.0,9761057.0
12,bg24_pdb10_d500_k150_seed05,tail_append,24,10,500,150,0.0,2234086.4,93086.93333333333,0.9996636141636142,0.05433512738412005,0.94566487261588,200.0,1.0,704.0,584.0,120.0,161947063.0
12,bg24_pdb10_d500_k150_seed05,hopeless_front_insert,24,10,500,150,0.0,1837366.2,76556.925,0.9996636141636142,0.04860426187319422,0.9513957381268058,200.0,1.0,548.0,445.0,103.0,163669097.0
12,bg24_pdb10_d500_k300_seed05,tail_append,24,10,500,300,0.0,2149326.7,89555.27916666667,0.9996636141636142,0.05331402687961579,0.9466859731203842,200.0,1.0,2950.0,2712.0,238.0,401612066.0
12,bg24_pdb10_d500_k300_seed05,hopeless_front_insert,24,10,500,300,0.0,1834084.3,76420.17916666667,0.9996636141636142,0.04863540788140577,0.9513645921185943,200.0,1.0,878.0,638.0,240.0,401876532.0
12,bg24_pdb16_d100_k50_seed05,tail_append,24,16,100,50,0.0,925234.7,38551.44583333333,1.0,0.019344932844932845,0.9806550671550671,1600.0,1.0,135.0,118.0,17.0,565864561.0
12,bg24_pdb16_d100_k50_seed05,hopeless_front_insert,24,16,100,50,0.0,803613.8,33483.90833333333,1.0,0.01746825396825397,0.982531746031746,1600.0,1.0,128.0,111.0,17.0,554415355.0
12,bg24_pdb16_d100_k150_seed05,tail_append,24,16,100,150,0.0,925234.7,38551.44583333333,1.0,0.019344932844932845,0.9806550671550671,1600.0,1.0,0.0,11979.0,21.0,1845505950.0
12,bg24_pdb16_d100_k150_seed05,hopeless_front_insert,24,16,100,150,0.0,209328.8,8722.033333333333,1.0,0.004343101343101343,0.9956568986568987,1600.0,1.0,0.0,11959.0,41.0,1809332529.0
12,bg24_pdb16_d100_k300_seed05,tail_append,24,16,100,300,0.0,925234.7,38551.44583333333,1.0,0.019344932844932845,0.9806550671550671,1600.0,1.0,0.0,11979.0,21.0,3765422393.0
12,bg24_pdb16_d100_k300_seed05,hopeless_front_insert,24,16,100,300,0.0,209328.8,8722.033333333333,1.0,0.004343101343101343,0.9956568986568987,1600.0,1.0,0.0,11959.0,41.0,3729173009.0
12,bg24_pdb16_d300_k50_seed05,tail_append,24,16,300,50,0.0018796992481203006,1454921.7,60621.7375,1.0,0.03319169719169719,0.9668083028083028,532.0,0.9981203007518797,208.0,188.0,20.0,134830225.0
12,bg24_pdb16_d300_k50_seed05,hopeless_front_insert,24,16,300,50,0.0018796992481203006,1357316.8,56554.86666666667,1.0,0.03176800976800977,0.9682319902319902,532.0,0.9981203007518797,208.0,188.0,20.0,140899672.0
12,bg24_pdb16_d300_k150_seed05,tail_append,24,16,300,150,0.0,1363740.5,56822.520833333336,1.0,0.03131868131868132,0.9686813186813187,532.0,1.0,403.0,358.0,45.0,526041400.0
12,bg24_pdb16_d300_k150_seed05,hopeless_front_insert,24,16,300,150,0.0,1227605.1,51150.2125,1.0,0.029114163614163614,0.9708858363858364,532.0,1.0,313.0,274.0,39.0,547771281.0
12,bg24_pdb16_d300_k300_seed05,tail_append,24,16,300,300,0.0,1363740.5,56822.520833333336,1.0,0.03131868131868132,0.9686813186813187,532.0,1.0,628.0,547.0,81.0,1154355935.0
12,bg24_pdb16_d300_k300_seed05,hopeless_front_insert,24,16,300,300,0.0,661297.1,27554.045833333334,1.0,0.016697191697191697,0.9833028083028083,532.0,1.0,0.0,11913.0,82.0,1216194351.0
12,bg24_pdb16_d500_k50_seed05,tail_append,24,16,500,50,0.009375,2190756.2,91281.50833333333,0.9996636141636142,0.05197108429025881,0.9480289157097412,320.0,0.990625,429.0,384.0,45.0,59806423.0
12,bg24_pdb16_d500_k50_seed05,hopeless_front_insert,24,16,500,50,0.00625,1989323.5,82888.47916666667,0.9996636141636142,0.048766709680728985,0.9512332903192711,320.0,0.99375,430.0,382.0,48.0,56824324.0
12,bg24_pdb16_d500_k150_seed05,tail_append,24,16,500,150,0.0,1891672.7,78819.69583333333,0.9996636141636142,0.047227730451452225,0.9527722695485478,320.0,1.0,700.0,572.0,128.0,295413258.0
12,bg24_pdb16_d500_k150_seed05,hopeless_front_insert,24,16,500,150,0.0,1686905.7,70287.7375,0.9996636141636142,0.04289232824961266,0.9571076717503874,320.0,1.0,564.0,459.0,105.0,315426145.0
12,bg24_pdb16_d500_k300_seed05,tail_append,24,16,500,300,0.0,1870852.4,77952.18333333333,0.9996636141636142,0.04666954512781772,0.9533304548721823,320.0,1.0,1183.0,904.0,279.0,688195010.0
12,bg24_pdb16_d500_k300_seed05,hopeless_front_insert,24,16,500,300,0.0,1717328.9,71555.37083333333,0.9996636141636142,0.04348471311167554,0.9565152868883244,320.0,1.0,0.0,11776.0,184.0,675623750.0
13,bg24_pdb4_d100_k50_seed06,tail_append,24,4,100,50,0.0,1042779.7,43449.15416666667,0.9998339438339439,0.02465916196096055,0.9753408380390395,400.0,1.0,238.0,169.0,69.0,95271718.0
13,bg24_pdb4_d100_k50_seed06,hopeless_front_insert,24,4,100,50,0.0,973225.9,40551.07916666667,0.9998339438339439,0.02309052541081303,0.976909474589187,400.0,1.0,7488.0,7402.0,86.0,87932742.0
13,bg24_pdb4_d100_k150_seed06,tail_append,24,4,100,150,0.0,1032212.5,43008.854166666664,0.9998339438339439,0.024838068348346003,0.975161931651654,400.0,1.0,553.0,349.0,204.0,415213667.0
13,bg24_pdb4_d100_k150_seed06,hopeless_front_insert,24,4,100,150,0.0,973238.0,40551.583333333336,0.9998339438339439,0.023003819926141582,0.9769961800738585,400.0,1.0,0.0,11916.0,49.0,404913259.0
13,bg24_pdb4_d100_k300_seed06,tail_append,24,4,100,300,0.0,1029221.0,42884.208333333336,0.9998339438339439,0.0248295199202798,0.9751704800797202,400.0,1.0,1034.0,623.0,411.0,895173809.0
13,bg24_pdb4_d100_k300_seed06,hopeless_front_insert,24,4,100,300,0.0,973238.0,40551.583333333336,0.9998339438339439,0.023003819926141582,0.9769961800738585,400.0,1.0,0.0,11927.0,38.0,884822713.0
13,bg24_pdb4_d300_k50_seed06,tail_append,24,4,300,50,0.0,7085439.3,295226.6375,0.9982667887667888,0.15136674614915596,0.8486332538508441,132.0,1.0,334.0,276.0,58.0,1734723.0
13,bg24_pdb4_d300_k50_seed06,hopeless_front_insert,24,4,300,50,0.0,2117348.9,88222.87083333333,0.9982667887667888,0.052898766543477985,0.947101233456522,132.0,1.0,338.0,278.0,60.0,0.0
13,bg24_pdb4_d300_k150_seed06,tail_append,24,4,300,150,0.0,1690585.0,70441.04166666667,0.9982667887667888,0.04500596577340091,0.9549940342265991,132.0,1.0,0.0,11797.0,78.0,104872422.0
13,bg24_pdb4_d300_k150_seed06,hopeless_front_insert,24,4,300,150,0.0,1594062.5,66419.27083333333,0.9982667887667888,0.04350825392728912,0.9564917460727109,132.0,1.0,683.0,486.0,197.0,103687862.0
13,bg24_pdb4_d300_k300_seed06,tail_append,24,4,300,300,0.0,1654614.5,68942.27083333333,0.9982667887667888,0.04463352538373897,0.955366474616261,132.0,1.0,0.0,11797.0,78.0,263250693.0
13,bg24_pdb4_d300_k300_seed06,hopeless_front_insert,24,4,300,300,0.0,1594062.5,66419.27083333333,0.9982667887667888,0.04350825392728912,0.9564917460727109,132.0,1.0,1158.0,772.0,386.0,262123013.0
13,bg24_pdb4_d500_k50_seed06,tail_append,24,4,500,50,0.0625,19513235.2,813051.4666666667,0.9982667887667888,0.41628439034443704,0.583715609655563,80.0,0.9375,478.0,407.0,71.0,0.0
13,bg24_pdb4_d500_k50_seed06,hopeless_front_insert,24,4,500,50,0.1125,19409524.3,808730.1791666667,0.9982667887667888,0.41537255352836816,0.5846274464716319,80.0,0.8875,478.0,408.0,70.0,0.0
13,bg24_pdb4_d500_k150_seed06,tail_append,24,4,500,150,0.0,2351510.2,97979.59166666667,0.9982667887667888,0.06586140447332098,0.934138595526679,80.0,1.0,1493.0,1297.0,196.0,33410026.0
13,bg24_pdb4_d500_k150_seed06,hopeless_front_insert,24,4,500,150,0.0,2048524.3,85355.17916666667,0.9982667887667888,0.05935134216141408,0.940648657838586,80.0,1.0,743.0,547.0,196.0,33789693.0
13,bg24_pdb4_d500_k300_seed06,tail_append,24,4,500,300,0.0,2299670.8,95819.61666666667,0.9982667887667888,0.06431782558414736,0.9356821744158527,80.0,1.0,0.0,11739.0,136.0,128612064.0
13,bg24_pdb4_d500_k300_seed06,hopeless_front_insert,24,4,500,300,0.0,2045359.0,85223.29166666667,0.9982667887667888,0.059324433496151144,0.9406755665038489,80.0,1.0,1218.0,832.0,386.0,139465027.0
13,bg24_pdb10_d100_k50_seed06,tail_append,24,10,100,50,0.0,925421.8,38559.24166666667,1.0,0.02079181929181929,0.9792081807081807,1000.0,1.0,130.0,109.0,21.0,333254521.0
13,bg24_pdb10_d100_k50_seed06,hopeless_front_insert,24,10,100,50,0.0,888423.3,37017.6375,1.0,0.020114163614163613,0.9798858363858364,1000.0,1.0,123.0,99.0,24.0,318358283.0
13,bg24_pdb10_d100_k150_seed06,tail_append,24,10,100,150,0.0,925421.8,38559.24166666667,1.0,0.02079181929181929,0.9792081807081807,1000.0,1.0,593.0,511.0,82.0,1132908488.0
13,bg24_pdb10_d100_k150_seed06,hopeless_front_insert,24,10,100,150,0.0,890041.7,37085.07083333333,1.0,0.020225885225885226,0.9797741147741148,1000.0,1.0,0.0,11951.0,39.0,1137569131.0
13,bg24_pdb10_d100_k300_seed06,tail_append,24,10,100,300,0.0,925421.8,38559.24166666667,1.0,0.02079181929181929,0.9792081807081807,1000.0,1.0,1368.0,1175.0,193.0,2332875038.0
13,bg24_pdb10_d100_k300_seed06,hopeless_front_insert,24,10,100,300,0.0,890041.7,37085.07083333333,1.0,0.020225885225885226,0.9797741147741148,1000.0,1.0,0.0,11951.0,39.0,2337523003.0
13,bg24_pdb10_d300_k50_seed06,tail_append,24,10,300,50,0.0,1531626.8,63817.78333333333,1.0,0.03651465201465202,0.963485347985348,334.0,1.0,393.0,318.0,75.0,71908538.0
13,bg24_pdb10_d300_k50_seed06,hopeless_front_insert,24,10,300,50,0.0,1342859.4,55952.475,1.0,0.0329993894993895,0.9670006105006105,334.0,1.0,349.0,283.0,66.0,72937738.0
13,bg24_pdb10_d300_k150_seed06,tail_append,24,10,300,150,0.0,1400461.2,58352.55,1.0,0.03384493284493285,0.9661550671550672,334.0,1.0,1620.0,1400.0,220.0,326780221.0
13,bg24_pdb10_d300_k150_seed06,hopeless_front_insert,24,10,300,150,0.0,1314086.3,54753.59583333333,1.0,0.032172771672771674,0.9678272283272283,334.0,1.0,0.0,11915.0,75.0,346967465.0
13,bg24_pdb10_d300_k300_seed06,tail_append,24,10,300,300,0.0,1400461.2,58352.55,1.0,0.03384493284493285,0.9661550671550672,334.0,1.0,3958.0,3518.0,440.0,727327288.0
13,bg24_pdb10_d300_k300_seed06,hopeless_front_insert,24,10,300,300,0.0,1315682.0,54820.083333333336,1.0,0.032448717948717946,0.967551282051282,334.0,1.0,0.0,11916.0,74.0,747832712.0
13,bg24_pdb10_d500_k50_seed06,tail_append,24,10,500,50,0.005,3276106.8,136504.45,0.9998339438339439,0.07157720940229391,0.928422790597706,200.0,0.995,390.0,350.0,40.0,21511617.0
13,bg24_pdb10_d500_k50_seed06,hopeless_front_insert,24,10,500,50,0.005,1926746.5,80281.10416666667,0.9998339438339439,0.04978665565954786,0.9502133443404521,200.0,0.995,408.0,368.0,40.0,16319345.0
13,bg24_pdb10_d500_k150_seed06,tail_append,24,10,500,150,0.0,1933194.3,80549.7625,0.9998339438339439,0.049757346763320894,0.9502426532366791,200.0,1.0,575.0,486.0,89.0,175552391.0
13,bg24_pdb10_d500_k150_seed06,hopeless_front_insert,24,10,500,150,0.0,1803678.8,75153.28333333333,0.9998339438339439,0.04757994001445905,0.9524200599855409,200.0,1.0,539.0,455.0,84.0,176535720.0
13,bg24_pdb10_d500_k300_seed06,tail_append,24,10,500,300,0.0,1933194.3,80549.7625,0.9998339438339439,0.049757346763320894,0.9502426532366791,200.0,1.0,0.0,11866.0,94.0,415436320.0
13,bg24_pdb10_d500_k300_seed06,hopeless_front_insert,24,10,500,300,0.0,1800601.7,75025.07083333333,0.9998339438339439,0.047662371285097406,0.9523376287149026,200.0,1.0,0.0,11855.0,105.0,426882950.0
13,bg24_pdb16_d100_k50_seed06,tail_append,24,16,100,50,0.0,894850.0,37285.416666666664,1.0,0.019545787545787546,0.9804542124542125,1600.0,1.0,140.0,119.0,21.0,560530244.0
13,bg24_pdb16_d100_k50_seed06,hopeless_front_insert,24,16,100,50,0.0,202456.2,8435.675,1.0,0.004384004884004884,0.9956159951159951,1600.0,1.0,0.0,11973.0,17.0,583615212.0
13,bg24_pdb16_d100_k150_seed06,tail_append,24,16,100,150,0.0,894850.0,37285.416666666664,1.0,0.019545787545787546,0.9804542124542125,1600.0,1.0,0.0,11951.0,39.0,1837602677.0
13,bg24_pdb16_d100_k150_seed06,hopeless_front_insert,24,16,100,150,0.0,196011.0,8167.125,1.0,0.004266788766788767,0.9957332112332112,1600.0,1.0,0.0,11975.0,15.0,1865444763.0
13,bg24_pdb16_d100_k300_seed06,tail_append,24,16,100,300,0.0,894850.0,37285.416666666664,1.0,0.019545787545787546,0.9804542124542125,1600.0,1.0,0.0,11958.0,32.0,3757430562.0
13,bg24_pdb16_d100_k300_seed06,hopeless_front_insert,24,16,100,300,0.0,204638.3,8526.595833333333,1.0,0.004366300366300366,0.9956336996336996,1600.0,1.0,0.0,11975.0,15.0,3784191128.0
13,bg24_pdb16_d300_k50_seed06,tail_append,24,16,300,50,0.0,1323621.0,55150.875,1.0,0.030986568986568985,0.969013431013431,533.0,1.0,585.0,509.0,76.0,146746305.0
13,bg24_pdb16_d300_k50_seed06,hopeless_front_insert,24,16,300,50,0.0,1283668.0,53486.166666666664,1.0,0.030476800976800975,0.9695231990231991,533.0,1.0,11588.0,11514.0,74.0,126976580.0
13,bg24_pdb16_d300_k150_seed06,tail_append,24,16,300,150,0.0,1323621.0,55150.875,1.0,0.030986568986568985,0.969013431013431,533.0,1.0,1510.0,1286.0,224.0,567802214.0
13,bg24_pdb16_d300_k150_seed06,hopeless_front_insert,24,16,300,150,0.0,1091666.4,45486.1,1.0,0.026467032967032966,0.973532967032967,533.0,1.0,0.0,11939.0,51.0,562374170.0
13,bg24_pdb16_d300_k300_seed06,tail_append,24,16,300,300,0.0,1323621.0,55150.875,1.0,0.030986568986568985,0.969013431013431,533.0,1.0,2873.0,2432.0,441.0,1207316274.0
13,bg24_pdb16_d300_k300_seed06,hopeless_front_insert,24,16,300,300,0.0,649769.8,27073.741666666665,1.0,0.016297924297924298,0.9837020757020757,533.0,1.0,0.0,11940.0,50.0,1189676281.0
13,bg24_pdb16_d500_k50_seed06,tail_append,24,16,500,50,0.00625,2022778.9,84282.45416666666,0.9998339438339439,0.04929939525977452,0.9507006047402254,320.0,0.99375,430.0,394.0,36.0,59280926.0
13,bg24_pdb16_d500_k50_seed06,hopeless_front_insert,24,16,500,50,0.00625,1857992.5,77416.35416666667,0.9998339438339439,0.046936365501475216,0.9530636344985248,320.0,0.99375,424.0,385.0,39.0,57324806.0
13,bg24_pdb16_d500_k150_seed06,tail_append,24,16,500,150,0.0,1874064.5,78086.02083333333,0.9998339438339439,0.04684294339475176,0.9531570566052483,320.0,1.0,0.0,11879.0,81.0,320673648.0
13,bg24_pdb16_d500_k150_seed06,hopeless_front_insert,24,16,500,150,0.0,1733194.8,72216.45,0.9998339438339439,0.04506853396901073,0.9549314660309892,320.0,1.0,543.0,461.0,82.0,298696159.0
13,bg24_pdb16_d500_k300_seed06,tail_append,24,16,500,300,0.0,1874064.5,78086.02083333333,0.9998339438339439,0.04684294339475176,0.9531570566052483,320.0,1.0,0.0,11879.0,81.0,704619650.0
13,bg24_pdb16_d500_k300_seed06,hopeless_front_insert,24,16,500,300,0.0,1142489.9,47603.745833333334,0.9998339438339439,0.03143256999941382,0.9685674300005862,320.0,1.0,0.0,11864.0,96.0,712600436.0
14,bg24_pdb4_d100_k50_seed07,tail_append,24,4,100,50,0.0025,1137068.3,47377.84583333333,1.0,0.026375457875457874,0.9736245421245421,400.0,0.9975,85.0,69.0,16.0,74009670.0
14,bg24_pdb4_d100_k50_seed07,hopeless_front_insert,24,4,100,50,0.0025,1024529.7,42688.7375,1.0,0.02434065934065934,0.9756593406593407,400.0,0.9975,83.0,70.0,13.0,69960552.0
14,bg24_pdb4_d100_k150_seed07,tail_append,24,4,100,150,0.0,8580235.0,357509.7916666667,1.0,0.1636794871794872,0.8363205128205128,400.0,1.0,130.0,95.0,35.0,334153640.0
14,bg24_pdb4_d100_k150_seed07,hopeless_front_insert,24,4,100,150,0.0,950901.3,39620.8875,1.0,0.021802197802197804,0.9781978021978022,400.0,1.0,123.0,92.0,31.0,322484018.0
14,bg24_pdb4_d100_k300_seed07,tail_append,24,4,100,300,0.0,6897464.3,287394.3458333333,1.0,0.15534798534798536,0.8446520146520147,400.0,1.0,194.0,131.0,63.0,755369198.0
14,bg24_pdb4_d100_k300_seed07,hopeless_front_insert,24,4,100,300,0.0,912445.6,38018.566666666666,1.0,0.021693528693528693,0.9783064713064713,400.0,1.0,178.0,120.0,58.0,765817566.0
14,bg24_pdb4_d300_k50_seed07,tail_append,24,4,300,50,0.014925373134328358,6272968.3,261373.67916666667,1.0,0.13241025641025642,0.8675897435897436,134.0,0.9850746268656716,145.0,129.0,16.0,0.0
14,bg24_pdb4_d300_k50_seed07,hopeless_front_insert,24,4,300,50,0.022388059701492536,6282245.0,261760.20833333334,1.0,0.13102869352869354,0.8689713064713065,134.0,0.9776119402985075,145.0,129.0,16.0,0.0
14,bg24_pdb4_d300_k150_seed07,tail_append,24,4,300,150,0.007462686567164179,1630988.3,67957.84583333334,1.0,0.040736874236874235,0.9592631257631258,134.0,0.9925373134328358,280.0,230.0,50.0,72187852.0
14,bg24_pdb4_d300_k150_seed07,hopeless_front_insert,24,4,300,150,0.007462686567164179,1459705.7,60821.07083333333,1.0,0.037882783882783884,0.9621172161172161,134.0,0.9925373134328358,279.0,238.0,41.0,70171823.0
14,bg24_pdb4_d300_k300_seed07,tail_append,24,4,300,300,0.0,1578365.8,65765.24166666667,1.0,0.039498778998779,0.960501221001221,134.0,1.0,330.0,255.0,75.0,198836241.0
14,bg24_pdb4_d300_k300_seed07,hopeless_front_insert,24,4,300,300,0.0,1394042.6,58085.10833333333,1.0,0.03587912087912088,0.9641208791208791,134.0,1.0,315.0,251.0,64.0,196422412.0
14,bg24_pdb4_d500_k50_seed07,tail_append,24,4,500,50,0.2625,21294109.8,887254.575,0.9980409035409036,0.4926299447452304,0.5073700552547695,80.0,0.7375,488.0,409.0,79.0,0.0
14,bg24_pdb4_d500_k50_seed07,hopeless_front_insert,24,4,500,50,0.275,21373658.1,890569.0875,0.9980409035409036,0.4956450090562035,0.5043549909437964,80.0,0.725,480.0,401.0,79.0,0.0
14,bg24_pdb4_d500_k150_seed07,tail_append,24,4,500,150,0.0,9057799.7,377408.32083333336,0.9980409035409036,0.19092348807890427,0.8090765119210958,80.0,1.0,1089.0,896.0,193.0,46692384.0
14,bg24_pdb4_d500_k150_seed07,hopeless_front_insert,24,4,500,150,0.0,2179701.4,90820.89166666666,0.9980409035409036,0.06491655508257631,0.9350834449174237,80.0,1.0,658.0,473.0,185.0,21629376.0
14,bg24_pdb4_d500_k300_seed07,tail_append,24,4,500,300,0.0,9060977.5,377540.7291666667,0.9980409035409036,0.19099872705440635,0.8090012729455937,80.0,1.0,0.0,11628.0,202.0,142252501.0
14,bg24_pdb4_d500_k300_seed07,hopeless_front_insert,24,4,500,300,0.0,2155688.7,89820.3625,0.9980409035409036,0.06420025556783711,0.9357997444321628,80.0,1.0,1148.0,762.0,386.0,98362777.0
14,bg24_pdb10_d100_k50_seed07,tail_append,24,10,100,50,0.0,934877.3,38953.22083333333,1.0,0.02073199023199023,0.9792680097680098,1000.0,1.0,109.0,98.0,11.0,288873736.0
14,bg24_pdb10_d100_k50_seed07,hopeless_front_insert,24,10,100,50,0.0,888463.0,37019.291666666664,1.0,0.020177655677655677,0.9798223443223443,1000.0,1.0,103.0,92.0,11.0,308396001.0
14,bg24_pdb10_d100_k150_seed07,tail_append,24,10,100,150,0.0,931622.6,38817.60833333333,1.0,0.020476190476190478,0.9795238095238096,1000.0,1.0,550.0,516.0,34.0,1122591380.0
14,bg24_pdb10_d100_k150_seed07,hopeless_front_insert,24,10,100,150,0.0,891600.4,37150.01666666667,1.0,0.020065323565323565,0.9799346764346765,1000.0,1.0,0.0,11982.0,18.0,1139989148.0
14,bg24_pdb10_d100_k300_seed07,tail_append,24,10,100,300,0.0,939596.6,39149.85833333333,1.0,0.020729548229548228,0.9792704517704518,1000.0,1.0,1273.0,1206.0,67.0,2322397707.0
14,bg24_pdb10_d100_k300_seed07,hopeless_front_insert,24,10,100,300,0.0,891600.4,37150.01666666667,1.0,0.020065323565323565,0.9799346764346765,1000.0,1.0,0.0,11982.0,18.0,2339977064.0
14,bg24_pdb10_d300_k50_seed07,tail_append,24,10,300,50,0.0029850746268656717,7783666.0,324319.4166666667,1.0,0.14303174603174604,0.8569682539682539,335.0,0.9970149253731343,190.0,177.0,13.0,64697954.0
14,bg24_pdb10_d300_k50_seed07,hopeless_front_insert,24,10,300,50,0.0029850746268656717,1306060.6,54419.191666666666,1.0,0.03150854700854701,0.968491452991453,335.0,0.9970149253731343,189.0,178.0,11.0,65488674.0
14,bg24_pdb10_d300_k150_seed07,tail_append,24,10,300,150,0.0,1322046.4,55085.26666666666,1.0,0.03134004884004884,0.9686599511599512,335.0,1.0,0.0,11965.0,30.0,336839756.0
14,bg24_pdb10_d300_k150_seed07,hopeless_front_insert,24,10,300,150,0.0,1283713.6,53488.066666666666,1.0,0.030907203907203907,0.9690927960927961,335.0,1.0,0.0,11964.0,31.0,336470347.0
14,bg24_pdb10_d300_k300_seed07,tail_append,24,10,300,300,0.0,1322046.4,55085.26666666666,1.0,0.03134004884004884,0.9686599511599512,335.0,1.0,0.0,11966.0,29.0,738746719.0
14,bg24_pdb10_d300_k300_seed07,hopeless_front_insert,24,10,300,300,0.0,1283713.6,53488.066666666666,1.0,0.030907203907203907,0.9690927960927961,335.0,1.0,0.0,11964.0,31.0,738390203.0
14,bg24_pdb10_d500_k50_seed07,tail_append,24,10,500,50,0.015,3068128.4,127838.68333333333,0.9993724053724053,0.07408801127936214,0.9259119887206378,200.0,0.985,489.0,422.0,67.0,14526288.0
14,bg24_pdb10_d500_k50_seed07,hopeless_front_insert,24,10,500,50,0.015,2344474.2,97686.425,0.9993724053724053,0.06248732415704117,0.9375126758429588,200.0,0.985,493.0,427.0,66.0,11532585.0
14,bg24_pdb10_d500_k150_seed07,tail_append,24,10,500,150,0.0,2112507.4,88021.14166666666,0.9993724053724053,0.05744264410142629,0.9425573558985737,200.0,1.0,1195.0,1001.0,194.0,163517057.0
14,bg24_pdb10_d500_k150_seed07,hopeless_front_insert,24,10,500,150,0.0,1917213.2,79883.88333333333,0.9993724053724053,0.05465518041847997,0.9453448195815201,200.0,1.0,679.0,518.0,161.0,168352285.0
14,bg24_pdb10_d500_k300_seed07,tail_append,24,10,500,300,0.0,2112507.4,88021.14166666666,0.9993724053724053,0.05744264410142629,0.9425573558985737,200.0,1.0,3305.0,2914.0,391.0,394051754.0
14,bg24_pdb10_d500_k300_seed07,hopeless_front_insert,24,10,500,300,0.0,1917270.2,79886.25833333333,0.9993724053724053,0.05483783473388671,0.9451621652661133,200.0,1.0,0.0,11709.0,211.0,415603403.0
14,bg24_pdb16_d100_k50_seed07,tail_append,24,16,100,50,0.0,917306.4,38221.1,1.0,0.019852869352869354,0.9801471306471307,1600.0,1.0,114.0,102.0,12.0,548237882.0
14,bg24_pdb16_d100_k50_seed07,hopeless_front_insert,24,16,100,50,0.0,810007.3,33750.30416666667,1.0,0.01832967032967033,0.9816703296703296,1600.0,1.0,115.0,103.0,12.0,549951265.0
14,bg24_pdb16_d100_k150_seed07,tail_append,24,16,100,150,0.0,917306.4,38221.1,1.0,0.019852869352869354,0.9801471306471307,1600.0,1.0,0.0,11986.0,14.0,1827469397.0
14,bg24_pdb16_d100_k150_seed07,hopeless_front_insert,24,16,100,150,0.0,194831.8,8117.991666666667,1.0,0.004197191697191697,0.9958028083028083,1600.0,1.0,0.0,11988.0,12.0,1859380243.0
14,bg24_pdb16_d100_k300_seed07,tail_append,24,16,100,300,0.0,917306.4,38221.1,1.0,0.019852869352869354,0.9801471306471307,1600.0,1.0,0.0,11986.0,14.0,3747004112.0
14,bg24_pdb16_d100_k300_seed07,hopeless_front_insert,24,16,100,300,0.0,194831.8,8117.991666666667,1.0,0.004197191697191697,0.9958028083028083,1600.0,1.0,0.0,11988.0,12.0,3779520328.0
14,bg24_pdb16_d300_k50_seed07,tail_append,24,16,300,50,0.0018656716417910447,1294994.3,53958.09583333333,1.0,0.029596459096459096,0.9704035409035409,536.0,0.9981343283582089,240.0,223.0,17.0,138210686.0
14,bg24_pdb16_d300_k50_seed07,hopeless_front_insert,24,16,300,50,0.0018656716417910447,1232509.2,51354.55,1.0,0.02837057387057387,0.9716294261294262,536.0,0.9981343283582089,239.0,224.0,15.0,141476085.0
14,bg24_pdb16_d300_k150_seed07,tail_append,24,16,300,150,0.0,1272384.1,53016.004166666666,1.0,0.029070818070818072,0.970929181929182,536.0,1.0,0.0,11968.0,27.0,569568208.0
14,bg24_pdb16_d300_k150_seed07,hopeless_front_insert,24,16,300,150,0.0,1158937.4,48289.058333333334,1.0,0.026857753357753356,0.9731422466422467,536.0,1.0,0.0,11969.0,26.0,544598598.0
14,bg24_pdb16_d300_k300_seed07,tail_append,24,16,300,300,0.0,1272384.1,53016.004166666666,1.0,0.029070818070818072,0.970929181929182,536.0,1.0,0.0,11968.0,27.0,1212668014.0
14,bg24_pdb16_d300_k300_seed07,hopeless_front_insert,24,16,300,300,0.0,596905.2,24871.05,1.0,0.013877899877899879,0.9861221001221001,536.0,1.0,0.0,11969.0,26.0,1223890511.0
14,bg24_pdb16_d500_k50_seed07,tail_append,24,16,500,50,0.0,2096310.9,87346.2875,0.9998724053724054,0.053606351481965644,0.9463936485180343,320.0,1.0,559.0,480.0,79.0,61183929.0
14,bg24_pdb16_d500_k50_seed07,hopeless_front_insert,24,16,500,50,0.0,1901282.3,79220.09583333334,0.9998724053724054,0.050589483029275406,0.9494105169707245,320.0,1.0,519.0,448.0,71.0,64009570.0
14,bg24_pdb16_d500_k150_seed07,tail_append,24,16,500,150,0.0,1894864.0,78952.66666666667,0.9998724053724054,0.05021336666277932,0.9497866333372207,320.0,1.0,11949.0,11718.0,231.0,312464654.0
14,bg24_pdb16_d500_k150_seed07,hopeless_front_insert,24,16,500,150,0.0,1213109.5,50546.229166666664,0.9998724053724054,0.034928754645739295,0.9650712453542607,320.0,1.0,0.0,11751.0,199.0,321446978.0
14,bg24_pdb16_d500_k300_seed07,tail_append,24,16,500,300,0.0,1894864.0,78952.66666666667,0.9998724053724054,0.05021336666277932,0.9497866333372207,320.0,1.0,0.0,11772.0,178.0,682788345.0
14,bg24_pdb16_d500_k300_seed07,hopeless_front_insert,24,16,500,300,0.0,1172981.3,48874.22083333333,0.9998724053724054,0.034070281250782306,0.9659297187492177,320.0,1.0,0.0,11761.0,189.0,705476833.0
15,bg24_pdb4_d100_k50_seed08,tail_append,24,4,100,50,0.0025,6756455.4,281518.975,1.0,0.13627594627594627,0.8637240537240537,400.0,0.9975,93.0,81.0,12.0,82522404.0
15,bg24_pdb4_d100_k50_seed08,hopeless_front_insert,24,4,100,50,0.0025,952538.8,39689.11666666667,1.0,0.020998168498168497,0.9790018315018315,400.0,0.9975,93.0,82.0,11.0,74942598.0
15,bg24_pdb4_d100_k150_seed08,tail_append,24,4,100,150,0.0,1921565.5,80065.22916666667,1.0,0.03957692307692308,0.9604230769230769,400.0,1.0,139.0,105.0,34.0,330887469.0
15,bg24_pdb4_d100_k150_seed08,hopeless_front_insert,24,4,100,150,0.0,915761.6,38156.73333333333,1.0,0.02012942612942613,0.9798705738705739,400.0,1.0,128.0,98.0,30.0,328156581.0
15,bg24_pdb4_d100_k300_seed08,tail_append,24,4,100,300,0.0,12054313.6,502263.06666666665,1.0,0.15684615384615386,0.8431538461538461,400.0,1.0,215.0,148.0,67.0,766540612.0
15,bg24_pdb4_d100_k300_seed08,hopeless_front_insert,24,4,100,300,0.0,920471.9,38352.995833333334,1.0,0.020293650793650794,0.9797063492063492,400.0,1.0,0.0,11953.0,47.0,906454871.0
15,bg24_pdb4_d300_k50_seed08,tail_append,24,4,300,50,0.029850746268656716,9906352.7,412764.69583333336,1.0,0.2244908424908425,0.7755091575091575,134.0,0.9701492537313433,50.0,40.0,10.0,2024025.0
15,bg24_pdb4_d300_k50_seed08,hopeless_front_insert,24,4,300,50,0.014925373134328358,3829728.3,159572.0125,1.0,0.07841208791208791,0.9215879120879121,134.0,0.9850746268656716,50.0,40.0,10.0,0.0
15,bg24_pdb4_d300_k150_seed08,tail_append,24,4,300,150,0.007462686567164179,1618807.8,67450.325,1.0,0.04022161172161172,0.9597783882783882,134.0,0.9925373134328358,259.0,222.0,37.0,75468789.0
15,bg24_pdb4_d300_k150_seed08,hopeless_front_insert,24,4,300,150,0.007462686567164179,1485330.9,61888.7875,1.0,0.03758852258852259,0.9624114774114774,134.0,0.9925373134328358,260.0,217.0,43.0,75270927.0
15,bg24_pdb4_d300_k300_seed08,tail_append,24,4,300,300,0.0,1613309.0,67221.20833333333,1.0,0.03870818070818071,0.9612918192918193,134.0,1.0,329.0,264.0,65.0,268130009.0
15,bg24_pdb4_d300_k300_seed08,hopeless_front_insert,24,4,300,300,0.0,1425935.2,59413.96666666667,1.0,0.035675213675213674,0.9643247863247864,134.0,1.0,318.0,248.0,70.0,201895785.0
15,bg24_pdb4_d500_k50_seed08,tail_append,24,4,500,50,0.2625,21035963.3,876498.4708333333,0.998998778998779,0.45491395536434526,0.5450860446356548,80.0,0.7375,484.0,396.0,88.0,0.0
15,bg24_pdb4_d500_k50_seed08,hopeless_front_insert,24,4,500,50,0.275,21017044.6,875710.1916666667,0.9989597069597069,0.4545986789676196,0.5454013210323805,80.0,0.725,484.0,395.0,89.0,0.0
15,bg24_pdb4_d500_k150_seed08,tail_append,24,4,500,150,0.0,2199083.6,91628.48333333334,0.998998778998779,0.05921679825955169,0.9407832017404483,80.0,1.0,775.0,556.0,219.0,26129637.0
15,bg24_pdb4_d500_k150_seed08,hopeless_front_insert,24,4,500,150,0.0,1928549.2,80356.21666666667,0.998998778998779,0.054535065633479186,0.9454649343665208,80.0,1.0,733.0,527.0,206.0,42915278.0
15,bg24_pdb4_d500_k300_seed08,tail_append,24,4,500,300,0.0,2087428.8,86976.2,0.998998778998779,0.05787540638979198,0.9421245936102081,80.0,1.0,1270.0,844.0,426.0,141037747.0
15,bg24_pdb4_d500_k300_seed08,hopeless_front_insert,24,4,500,300,0.0,1925282.7,80220.1125,0.998998778998779,0.05429000953335452,0.9457099904666455,80.0,1.0,1283.0,858.0,425.0,140166993.0
15,bg24_pdb10_d100_k50_seed08,tail_append,24,10,100,50,0.0,955766.1,39823.5875,1.0,0.020238705738705738,0.9797612942612942,1000.0,1.0,104.0,95.0,9.0,332911999.0
15,bg24_pdb10_d100_k50_seed08,hopeless_front_insert,24,10,100,50,0.0,902876.8,37619.86666666667,1.0,0.01954029304029304,0.980459706959707,1000.0,1.0,109.0,98.0,11.0,306286409.0
15,bg24_pdb10_d100_k150_seed08,tail_append,24,10,100,150,0.0,902951.6,37622.98333333334,1.0,0.019532967032967034,0.980467032967033,1000.0,1.0,4828.0,4795.0,33.0,1136009971.0
15,bg24_pdb10_d100_k150_seed08,hopeless_front_insert,24,10,100,150,0.0,904547.2,37689.46666666667,1.0,0.019686202686202685,0.9803137973137973,1000.0,1.0,0.0,11976.0,24.0,1081026118.0
15,bg24_pdb10_d100_k300_seed08,tail_append,24,10,100,300,0.0,909304.2,37887.675,1.0,0.019593406593406592,0.9804065934065934,1000.0,1.0,0.0,11966.0,34.0,2336231506.0
15,bg24_pdb10_d100_k300_seed08,hopeless_front_insert,24,10,100,300,0.0,890064.6,37086.025,1.0,0.018826007326007328,0.9811739926739926,1000.0,1.0,0.0,11973.0,27.0,2337761708.0
15,bg24_pdb10_d300_k50_seed08,tail_append,24,10,300,50,0.003003003003003003,1525362.3,63556.7625,1.0,0.03739255189255189,0.9626074481074481,333.0,0.996996996996997,50.0,40.0,10.0,52412203.0
15,bg24_pdb10_d300_k50_seed08,hopeless_front_insert,24,10,300,50,0.003003003003003003,1446983.1,60290.9625,1.0,0.036106837606837604,0.9638931623931624,333.0,0.996996996996997,50.0,40.0,10.0,55234511.0
15,bg24_pdb10_d300_k150_seed08,tail_append,24,10,300,150,0.003003003003003003,2953481.2,123061.71666666666,1.0,0.05566483516483516,0.9443351648351649,333.0,0.996996996996997,283.0,250.0,33.0,302087814.0
15,bg24_pdb10_d300_k150_seed08,hopeless_front_insert,24,10,300,150,0.003003003003003003,1440471.7,60019.65416666667,1.0,0.034718559218559215,0.9652814407814407,333.0,0.996996996996997,283.0,246.0,37.0,313633281.0
15,bg24_pdb10_d300_k300_seed08,tail_append,24,10,300,300,0.0,1595759.5,66489.97916666667,1.0,0.03694505494505494,0.963054945054945,333.0,1.0,360.0,296.0,64.0,711341880.0
15,bg24_pdb10_d300_k300_seed08,hopeless_front_insert,24,10,300,300,0.0,1370149.5,57089.5625,1.0,0.0332985347985348,0.9667014652014652,333.0,1.0,330.0,265.0,65.0,679118770.0
15,bg24_pdb10_d500_k50_seed08,tail_append,24,10,500,50,0.005,11347408.2,472808.675,0.998998778998779,0.20055183455963235,0.7994481654403677,200.0,0.995,545.0,472.0,73.0,18323351.0
15,bg24_pdb10_d500_k50_seed08,hopeless_front_insert,24,10,500,50,0.005,2238874.0,93286.41666666667,0.998998778998779,0.05569312376249725,0.9443068762375028,200.0,0.995,510.0,443.0,67.0,9268520.0
15,bg24_pdb10_d500_k150_seed08,tail_append,24,10,500,150,0.0,8482645.6,353443.56666666665,0.998998778998779,0.15450084333520742,0.8454991566647926,200.0,1.0,3315.0,3096.0,219.0,156066352.0
15,bg24_pdb10_d500_k150_seed08,hopeless_front_insert,24,10,500,150,0.0,1874127.3,78088.6375,0.998998778998779,0.05019616710259356,0.9498038328974064,200.0,1.0,883.0,669.0,214.0,170119974.0
15,bg24_pdb10_d500_k300_seed08,tail_append,24,10,500,300,0.0,6523633.9,271818.07916666666,0.998998778998779,0.12235938302085116,0.8776406169791489,200.0,1.0,7948.0,7512.0,436.0,378692673.0
15,bg24_pdb10_d500_k300_seed08,hopeless_front_insert,24,10,500,300,0.0,1877297.3,78220.72083333334,0.998998778998779,0.050054389009753356,0.9499456109902467,200.0,1.0,0.0,11770.0,160.0,424494627.0
15,bg24_pdb16_d100_k50_seed08,tail_append,24,16,100,50,0.0,958969.0,39957.041666666664,1.0,0.020145299145299146,0.9798547008547008,1600.0,1.0,119.0,107.0,12.0,554330628.0
15,bg24_pdb16_d100_k50_seed08,hopeless_front_insert,24,16,100,50,0.0,792558.6,33023.275,1.0,0.017146520146520145,0.9828534798534798,1600.0,1.0,118.0,103.0,15.0,524941499.0
15,bg24_pdb16_d100_k150_seed08,tail_append,24,16,100,150,0.0,910849.4,37952.058333333334,1.0,0.019032967032967033,0.9809670329670329,1600.0,1.0,0.0,11976.0,24.0,1826958888.0
15,bg24_pdb16_d100_k150_seed08,hopeless_front_insert,24,16,100,150,0.0,204611.8,8525.491666666667,1.0,0.004206349206349207,0.9957936507936508,1600.0,1.0,0.0,11978.0,22.0,1765426832.0
15,bg24_pdb16_d100_k300_seed08,tail_append,24,16,100,300,0.0,910849.4,37952.058333333334,1.0,0.019032967032967033,0.9809670329670329,1600.0,1.0,0.0,11976.0,24.0,3746904058.0
15,bg24_pdb16_d100_k300_seed08,hopeless_front_insert,24,16,100,300,0.0,204600.6,8525.025,1.0,0.004197191697191697,0.9958028083028083,1600.0,1.0,0.0,11978.0,22.0,3776864697.0
15,bg24_pdb16_d300_k50_seed08,tail_append,24,16,300,50,0.001869158878504673,1373265.8,57219.40833333333,1.0,0.03060866910866911,0.9693913308913309,535.0,0.9981308411214953,214.0,203.0,11.0,138424858.0
15,bg24_pdb16_d300_k50_seed08,hopeless_front_insert,24,16,300,50,0.001869158878504673,1261446.5,52560.270833333336,1.0,0.028853479853479854,0.9711465201465201,535.0,0.9981308411214953,228.0,214.0,14.0,121855355.0
15,bg24_pdb16_d300_k150_seed08,tail_append,24,16,300,150,0.0,1291706.4,53821.1,1.0,0.02895909645909646,0.9710409035409036,535.0,1.0,329.0,294.0,35.0,541681630.0
15,bg24_pdb16_d300_k150_seed08,hopeless_front_insert,24,16,300,150,0.0,1211598.9,50483.2875,1.0,0.027444444444444445,0.9725555555555555,535.0,1.0,323.0,288.0,35.0,552212343.0
15,bg24_pdb16_d300_k300_seed08,tail_append,24,16,300,300,0.0,1283840.8,53493.36666666667,1.0,0.02875152625152625,0.9712484737484738,535.0,1.0,0.0,11921.0,74.0,1182406697.0
15,bg24_pdb16_d300_k300_seed08,hopeless_front_insert,24,16,300,300,0.0,1157305.8,48221.075,1.0,0.026053724053724053,0.9739462759462759,535.0,1.0,419.0,348.0,71.0,1161170262.0
15,bg24_pdb16_d500_k50_seed08,tail_append,24,16,500,50,0.0,2011793.3,83824.72083333334,1.0,0.04890598290598291,0.9510940170940171,320.0,1.0,524.0,458.0,66.0,55821550.0
15,bg24_pdb16_d500_k50_seed08,hopeless_front_insert,24,16,500,50,0.003125,1813244.6,75551.85833333334,1.0,0.04616483516483517,0.9538351648351648,320.0,0.996875,499.0,437.0,62.0,47174107.0
15,bg24_pdb16_d500_k150_seed08,tail_append,24,16,500,150,0.0,1851756.6,77156.525,1.0,0.046584859584859584,0.9534151404151404,320.0,1.0,0.0,11882.0,103.0,308247212.0
15,bg24_pdb16_d500_k150_seed08,hopeless_front_insert,24,16,500,150,0.0,1645359.7,68556.65416666667,1.0,0.04251831501831502,0.957481684981685,320.0,1.0,704.0,547.0,157.0,308118325.0
15,bg24_pdb16_d500_k300_seed08,tail_append,24,16,500,300,0.0,1851756.6,77156.525,1.0,0.046584859584859584,0.9534151404151404,320.0,1.0,0.0,11910.0,75.0,687682302.0
15,bg24_pdb16_d500_k300_seed08,hopeless_front_insert,24,16,500,300,0.0,1118458.2,46602.425,1.0,0.031206349206349206,0.9687936507936508,320.0,1.0,0.0,11822.0,163.0,711930101.0
16,bg24_pdb4_d100_k50_seed09,tail_append,24,4,100,50,0.0,1134696.8,47279.03333333333,1.0,0.02288095238095238,0.9771190476190477,400.0,1.0,188.0,146.0,42.0,69408928.0
16,bg24_pdb4_d100_k50_seed09,hopeless_front_insert,24,4,100,50,0.0,936576.3,39024.0125,1.0,0.019945665445665447,0.9800543345543345,400.0,1.0,173.0,126.0,47.0,72101781.0
16,bg24_pdb4_d100_k150_seed09,tail_append,24,4,100,150,0.0,1040533.1,43355.54583333333,1.0,0.02176312576312576,0.9782368742368742,400.0,1.0,0.0,11841.0,149.0,359175561.0
16,bg24_pdb4_d100_k150_seed09,hopeless_front_insert,24,4,100,150,0.0,931671.0,38819.625,1.0,0.019673382173382173,0.9803266178266178,400.0,1.0,339.0,225.0,114.0,399382583.0
16,bg24_pdb4_d100_k300_seed09,tail_append,24,4,100,300,0.0,1040533.1,43355.54583333333,1.0,0.02176312576312576,0.9782368742368742,400.0,1.0,0.0,11898.0,92.0,838560490.0
16,bg24_pdb4_d100_k300_seed09,hopeless_front_insert,24,4,100,300,0.0,931671.0,38819.625,1.0,0.019673382173382173,0.9803266178266178,400.0,1.0,669.0,423.0,246.0,879491743.0
16,bg24_pdb4_d300_k50_seed09,tail_append,24,4,300,50,0.014925373134328358,12323502.0,513479.25,0.9995372405372406,0.2298591167341175,0.7701408832658825,134.0,0.9850746268656716,250.0,216.0,34.0,0.0
16,bg24_pdb4_d300_k50_seed09,hopeless_front_insert,24,4,300,50,0.022388059701492536,12766074.8,531919.7833333333,0.9995372405372406,0.2233628260208326,0.7766371739791674,134.0,0.9776119402985075,270.0,236.0,34.0,0.0
16,bg24_pdb4_d300_k150_seed09,tail_append,24,4,300,150,0.0,1688436.4,70351.51666666666,0.9995372405372406,0.038006598902300334,0.9619934010976997,134.0,1.0,480.0,365.0,115.0,91286404.0
16,bg24_pdb4_d300_k150_seed09,hopeless_front_insert,24,4,300,150,0.0,1445400.3,60225.0125,0.9995372405372406,0.0344603913166166,0.9655396086833834,134.0,1.0,8059.0,7922.0,137.0,72070823.0
16,bg24_pdb4_d300_k300_seed09,tail_append,24,4,300,300,0.0,1518848.3,63285.34583333333,0.9995372405372406,0.035567741360165446,0.9644322586398345,134.0,1.0,905.0,644.0,261.0,251895234.0
16,bg24_pdb4_d300_k300_seed09,hopeless_front_insert,24,4,300,300,0.0,1440490.2,60020.425,0.9995372405372406,0.03431930038442698,0.965680699615573,134.0,1.0,0.0,11832.0,128.0,204945440.0
16,bg24_pdb4_d500_k50_seed09,tail_append,24,4,500,50,0.75,22982697.4,957612.3916666667,0.9995372405372406,0.5524797189419768,0.44752028105802316,80.0,0.25,313.0,276.0,37.0,0.0
16,bg24_pdb4_d500_k50_seed09,hopeless_front_insert,24,4,500,50,0.7625,22983400.2,957641.675,0.9995372405372406,0.5530740110502906,0.4469259889497093,80.0,0.2375,313.0,276.0,37.0,0.0
16,bg24_pdb4_d500_k150_seed09,tail_append,24,4,500,150,0.0,2429446.3,101226.92916666667,0.9995372405372406,0.0551714407521918,0.9448285592478082,80.0,1.0,565.0,459.0,106.0,21174578.0
16,bg24_pdb4_d500_k150_seed09,hopeless_front_insert,24,4,500,150,0.0,1987607.8,82816.99166666667,0.9995372405372406,0.04819385283299598,0.9518061471670041,80.0,1.0,583.0,471.0,112.0,17468433.0
16,bg24_pdb4_d500_k300_seed09,tail_append,24,4,500,300,0.0,4212849.1,175535.37916666668,0.9995372405372406,0.08425816098047814,0.9157418390195219,80.0,1.0,0.0,11726.0,234.0,102464289.0
16,bg24_pdb4_d500_k300_seed09,hopeless_front_insert,24,4,500,300,0.0,1872598.9,78024.95416666666,0.9995372405372406,0.04697228632053172,0.9530277136794683,80.0,1.0,994.0,719.0,275.0,121836071.0
16,bg24_pdb10_d100_k50_seed09,tail_append,24,10,100,50,0.0,5015846.5,208993.60416666666,1.0,0.07252625152625153,0.9274737484737485,1000.0,1.0,1169.0,1104.0,65.0,316635989.0
16,bg24_pdb10_d100_k50_seed09,hopeless_front_insert,24,10,100,50,0.0,878943.7,36622.65416666667,1.0,0.017335164835164837,0.9826648351648352,1000.0,1.0,9334.0,9235.0,99.0,337842984.0
16,bg24_pdb10_d100_k150_seed09,tail_append,24,10,100,150,0.0,4833955.9,201414.82916666666,1.0,0.06975763125763126,0.9302423687423688,1000.0,1.0,3845.0,3654.0,191.0,1117161690.0
16,bg24_pdb10_d100_k150_seed09,hopeless_front_insert,24,10,100,150,0.0,878943.7,36622.65416666667,1.0,0.017335164835164837,0.9826648351648352,1000.0,1.0,0.0,11951.0,49.0,1137777942.0
16,bg24_pdb10_d100_k300_seed09,tail_append,24,10,100,300,0.0,4807557.0,200314.875,1.0,0.06947802197802198,0.930521978021978,1000.0,1.0,7755.0,7380.0,375.0,2317127398.0
16,bg24_pdb10_d100_k300_seed09,hopeless_front_insert,24,10,100,300,0.0,878943.7,36622.65416666667,1.0,0.017335164835164837,0.9826648351648352,1000.0,1.0,0.0,11964.0,36.0,2337742804.0
16,bg24_pdb10_d300_k50_seed09,tail_append,24,10,300,50,0.002976190476190476,6102500.3,254270.84583333333,1.0,0.10205555555555555,0.8979444444444444,336.0,0.9970238095238095,388.0,319.0,69.0,72323450.0
16,bg24_pdb10_d300_k50_seed09,hopeless_front_insert,24,10,300,50,0.0,1299723.9,54155.1625,1.0,0.02857142857142857,0.9714285714285714,336.0,1.0,363.0,300.0,63.0,67501866.0
16,bg24_pdb10_d300_k150_seed09,tail_append,24,10,300,150,0.0,1549334.3,64555.59583333333,1.0,0.032405372405372404,0.9675946275946276,336.0,1.0,708.0,517.0,191.0,318293288.0
16,bg24_pdb10_d300_k150_seed09,hopeless_front_insert,24,10,300,150,0.0,1294924.7,53955.19583333333,1.0,0.02833821733821734,0.9716617826617827,336.0,1.0,0.0,11892.0,103.0,349200225.0
16,bg24_pdb10_d300_k300_seed09,tail_append,24,10,300,300,0.0,1555638.0,64818.25,1.0,0.032615384615384616,0.9673846153846154,336.0,1.0,1184.0,813.0,371.0,721016919.0
16,bg24_pdb10_d300_k300_seed09,hopeless_front_insert,24,10,300,300,0.0,1294924.7,53955.19583333333,1.0,0.02833821733821734,0.9716617826617827,336.0,1.0,0.0,11915.0,80.0,752500534.0
16,bg24_pdb10_d500_k50_seed09,tail_append,24,10,500,50,0.0,3021931.0,125913.79166666667,1.0,0.05621001221001221,0.9437899877899878,200.0,1.0,550.0,487.0,63.0,17932893.0
16,bg24_pdb10_d500_k50_seed09,hopeless_front_insert,24,10,500,50,0.0,1736377.2,72349.05,1.0,0.03915628815628815,0.9608437118437119,200.0,1.0,538.0,475.0,63.0,17846812.0
16,bg24_pdb10_d500_k150_seed09,tail_append,24,10,500,150,0.0,1722043.7,71751.82083333333,1.0,0.03908791208791209,0.9609120879120879,200.0,1.0,854.0,677.0,177.0,172757993.0
16,bg24_pdb10_d500_k150_seed09,hopeless_front_insert,24,10,500,150,0.0,1701403.8,70891.825,1.0,0.03813858363858364,0.9618614163614163,200.0,1.0,0.0,11923.0,72.0,164594665.0
16,bg24_pdb10_d500_k300_seed09,tail_append,24,10,500,300,0.0,1722043.7,71751.82083333333,1.0,0.03908791208791209,0.9609120879120879,200.0,1.0,1383.0,1011.0,372.0,413629789.0
16,bg24_pdb10_d500_k300_seed09,hopeless_front_insert,24,10,500,300,0.0,1698116.4,70754.85,1.0,0.03807753357753358,0.9619224664224664,200.0,1.0,0.0,11911.0,84.0,416379448.0
16,bg24_pdb16_d100_k50_seed09,tail_append,24,16,100,50,0.0,862776.1,35949.004166666666,1.0,0.016884004884004884,0.9831159951159951,1600.0,1.0,0.0,11995.0,5.0,569829259.0
16,bg24_pdb16_d100_k50_seed09,hopeless_front_insert,24,16,100,50,0.0,119412.6,4975.525,1.0,0.002327228327228327,0.9976727716727717,1600.0,1.0,0.0,11993.0,7.0,575423171.0
16,bg24_pdb16_d100_k150_seed09,tail_append,24,16,100,150,0.0,862776.1,35949.004166666666,1.0,0.016884004884004884,0.9831159951159951,1600.0,1.0,0.0,11995.0,5.0,1849830601.0
16,bg24_pdb16_d100_k150_seed09,hopeless_front_insert,24,16,100,150,0.0,119412.6,4975.525,1.0,0.002327228327228327,0.9976727716727717,1600.0,1.0,0.0,11993.0,7.0,1855181862.0
16,bg24_pdb16_d100_k300_seed09,tail_append,24,16,100,300,0.0,862776.1,35949.004166666666,1.0,0.016884004884004884,0.9831159951159951,1600.0,1.0,0.0,11995.0,5.0,3769937314.0
16,bg24_pdb16_d100_k300_seed09,hopeless_front_insert,24,16,100,300,0.0,119412.6,4975.525,1.0,0.002327228327228327,0.9976727716727717,1600.0,1.0,0.0,11993.0,7.0,3775189403.0
16,bg24_pdb16_d300_k50_seed09,tail_append,24,16,300,50,0.0,1282107.4,53421.14166666666,1.0,0.026707570207570207,0.9732924297924298,537.0,1.0,568.0,503.0,65.0,147719851.0
16,bg24_pdb16_d300_k50_seed09,hopeless_front_insert,24,16,300,50,0.0,1250150.2,52089.59166666667,1.0,0.02585958485958486,0.9741404151404152,537.0,1.0,0.0,11969.0,26.0,138096485.0
16,bg24_pdb16_d300_k150_seed09,tail_append,24,16,300,150,0.0,1274109.8,53087.90833333333,1.0,0.026465811965811967,0.973534188034188,537.0,1.0,1343.0,1155.0,188.0,565208296.0
16,bg24_pdb16_d300_k150_seed09,hopeless_front_insert,24,16,300,150,0.0,1168514.8,48688.11666666667,1.0,0.024520757020757022,0.9754792429792429,537.0,1.0,0.0,11973.0,22.0,548305006.0
16,bg24_pdb16_d300_k300_seed09,tail_append,24,16,300,300,0.0,1274109.8,53087.90833333333,1.0,0.026465811965811967,0.973534188034188,537.0,1.0,2593.0,2205.0,388.0,1209394965.0
16,bg24_pdb16_d300_k300_seed09,hopeless_front_insert,24,16,300,300,0.0,609793.9,25408.079166666666,1.0,0.013063492063492064,0.9869365079365079,537.0,1.0,0.0,11971.0,24.0,1221432492.0
16,bg24_pdb16_d500_k50_seed09,tail_append,24,16,500,50,0.0,1680461.9,70019.24583333333,1.0,0.03632356532356532,0.9636764346764347,320.0,1.0,11568.0,11491.0,77.0,65531027.0
16,bg24_pdb16_d500_k50_seed09,hopeless_front_insert,24,16,500,50,0.0,1653288.2,68887.00833333333,1.0,0.036307692307692305,0.9636923076923077,320.0,1.0,834.0,761.0,73.0,60396470.0
16,bg24_pdb16_d500_k150_seed09,tail_append,24,16,500,150,0.0,1682059.9,70085.82916666666,1.0,0.03638095238095238,0.9636190476190476,320.0,1.0,0.0,11954.0,41.0,315778291.0
16,bg24_pdb16_d500_k150_seed09,hopeless_front_insert,24,16,500,150,0.0,1614911.4,67287.975,1.0,0.035363858363858365,0.9646361416361416,320.0,1.0,0.0,11845.0,150.0,287180451.0
16,bg24_pdb16_d500_k300_seed09,tail_append,24,16,500,300,0.0,1682059.9,70085.82916666666,1.0,0.03638095238095238,0.9636190476190476,320.0,1.0,0.0,11954.0,41.0,699737024.0
16,bg24_pdb16_d500_k300_seed09,hopeless_front_insert,24,16,500,300,0.0,1506018.1,62750.754166666666,1.0,0.03292063492063492,0.9670793650793651,320.0,1.0,0.0,11851.0,144.0,666779159.0
